State,District,Market,Commodity,Variety,Grade,Arrival_Date,Min_x0020_Price,Max_x0020_Price,Modal_x0020_Price
Gujarat,Amreli,Damnagar,Coriander(Leaves),Coriander,FAQ,19/05/2025,2200,3050,2850
Gujarat,Amreli,Savarkundla,"Bengal Gram(Gram)(Whole)","Average (Whole)",Non-FAQ,19/05/2025,5305,5525,5390
Gujarat,Amreli,Savarkundla,"Castor Seed","Castor seed",FAQ,19/05/2025,5500,5970,5750
Gujarat,Anand,"Khambhat(Grain Market)",Paddy(Dhan)(Common),Other,FAQ,19/05/2025,1700,2050,1900
Gujarat,Anand,"Khambhat(Grain Market)",Paddy(Dhan)(Common),Paddy,FAQ,19/05/2025,2500,3150,2900
Gujarat,Banaskanth,Vadgam,Mustard,Other,FAQ,19/05/2025,5555,5555,5555
Gujarat,Bharuch,Jambusar(Kaavi),"Bajra(Pearl Millet/Cumbu)",Other,FAQ,19/05/2025,2400,2800,2600
Gujarat,Gandhinagar,"Mansa(Manas Veg Yard)","Bottle gourd",Other,FAQ,19/05/2025,500,500,500
Gujarat,Gandhinagar,"Mansa(Manas Veg Yard)",Cucumbar(Kheera),Other,FAQ,19/05/2025,1000,2000,1500
Gujarat,Gandhinagar,"Mansa(Manas Veg Yard)",Tomato,Other,FAQ,19/05/2025,2000,2000,2000
Gujarat,Junagarh,Mangrol,"Bengal Gram(Gram)(Whole)","Desi (F.A.Q. Split)",FAQ,19/05/2025,5350,5450,5425
Gujarat,Navsari,Bilimora,Tomato,Other,FAQ,19/05/2025,1000,2000,1500
Gujarat,Rajkot,Dhoraji,"Arhar (Tur/Red Gram)(Whole)",Local,Non-FAQ,19/05/2025,6055,6955,6805
Gujarat,Rajkot,"Rajkot(Veg.Sub Yard)","Bhindi(Ladies Finger)",Bhindi,FAQ,19/05/2025,700,1800,1250
Gujarat,Rajkot,"Rajkot(Veg.Sub Yard)",Onion,Onion,FAQ,19/05/2025,150,1075,700
Gujarat,Rajkot,"Rajkot(Veg.Sub Yard)",Tomato,Tomato,FAQ,19/05/2025,1000,2000,1500
Gujarat,Sabarkantha,Modasa(Tintoi),Maize,"Hybrid Red (Cattle Feed)",Non-FAQ,19/05/2025,1700,2100,2100
Gujarat,Surat,Mahuva(Anaval),Mango,Totapuri,Medium,19/05/2025,1750,2250,2000
Gujarat,Surat,Mahuva(Anaval),"Pointed gourd (Parval)",Other,FAQ,19/05/2025,2800,3000,2900
Gujarat,Surat,Surat,Cauliflower,Other,FAQ,19/05/2025,2500,6000,4250
Gujarat,Surat,Surat,Onion,Other,FAQ,19/05/2025,600,2100,1350
Gujarat,Surat,Surat,Ridgeguard(Tori),Other,FAQ,19/05/2025,3000,5500,4250
Gujarat,Surendranagar,Dhragradhra,"Cummin Seed(Jeera)","Cummin Seed(Jeera)",FAQ,19/05/2025,17900,20275,20000
Gujarat,Surendranagar,Dhragradhra,"Green Gram (Moong)(Whole)","Green (Whole)",FAQ,19/05/2025,8000,8000,8000
Gujarat,Surendranagar,Dhragradhra,"Sesamum(Sesame,Gingelly,Til)",White,FAQ,19/05/2025,7400,8950,8250
Gujarat,Surendranagar,Dhragradhra,"Suva (Dill Seed)","Suva (Dill Seed)",FAQ,19/05/2025,5000,6840,6500
Gujarat,Surendranagar,Vadhvan,"Bhindi(Ladies Finger)",Bhindi,FAQ,19/05/2025,3000,3500,3250
Gujarat,Surendranagar,Vadhvan,Carrot,Carrot,FAQ,19/05/2025,2000,2500,2250
Gujarat,Surendranagar,Vadhvan,Drumstick,Drumstick,FAQ,19/05/2025,1500,2000,1750
Gujarat,Surendranagar,Vadhvan,"Elephant Yam (Suran)","Elephant Yam (Suran)",FAQ,19/05/2025,4500,5000,4750
Gujarat,Surendranagar,Vadhvan,Lemon,Lemon,FAQ,19/05/2025,7500,8500,8000
Gujarat,Surendranagar,Vadhvan,Tinda,Tinda,FAQ,19/05/2025,4000,4500,4250
Gujarat,Vadodara(Baroda),Padra,"Bottle gourd",Other,FAQ,19/05/2025,500,1000,750
Gujarat,Vadodara(Baroda),Padra,Coriander(Leaves),Other,FAQ,19/05/2025,2000,3000,2500
Gujarat,Vadodara(Baroda),Padra,Ginger(Green),Other,FAQ,19/05/2025,2500,3000,2750
Gujarat,Vadodara(Baroda),Padra,"Little gourd (Kundru)",Other,FAQ,19/05/2025,1250,2750,2000
Gujarat,Vadodara(Baroda),Padra,"Pointed gourd (Parval)",Other,FAQ,19/05/2025,4000,4500,4250
Haryana,Fatehabad,Fatehabad,"Mousambi(Sweet Lime)",Other,Large,19/05/2025,3500,3500,3500
Haryana,Gurgaon,Gurgaon,Tomato,Other,Non-FAQ,19/05/2025,800,1000,900
Haryana,Hissar,Hansi,Brinjal,Other,FAQ,19/05/2025,1000,2000,1500
Haryana,Hissar,Hansi,Cauliflower,Other,FAQ,19/05/2025,800,1200,1000
Haryana,Hissar,Hansi,Potato,Other,Non-FAQ,19/05/2025,1000,3500,1000
Haryana,Kaithal,Dhand,Onion,Other,FAQ,19/05/2025,1000,1400,1300
Haryana,Kaithal,Dhand,Potato,Other,FAQ,19/05/2025,900,1200,1100
Haryana,Mahendragarh-Narnaul,Narnaul,Chikoos(Sapota),Sapota,Medium,19/05/2025,2000,2000,2000
Haryana,Mahendragarh-Narnaul,Narnaul,"Cluster beans","Cluster Beans",FAQ,19/05/2025,3000,3000,3000
Haryana,Mahendragarh-Narnaul,Narnaul,Coriander(Leaves),Coriander,FAQ,19/05/2025,2000,2000,2000
Haryana,Mahendragarh-Narnaul,Narnaul,Ginger(Green),"Green Ginger",FAQ,19/05/2025,3500,4000,4000
Haryana,Mahendragarh-Narnaul,Narnaul,Spinach,Spinach,FAQ,19/05/2025,1000,1000,1000
Haryana,Mewat,FerozpurZirkha(Nagina),"Bottle gourd",Other,FAQ,19/05/2025,800,1000,900
Haryana,Mewat,FerozpurZirkha(Nagina),Tomato,Other,FAQ,19/05/2025,400,600,500
Haryana,Mewat,Punhana,Onion,Other,FAQ,19/05/2025,1000,1200,1100
Haryana,Mewat,Punhana,Potato,Other,FAQ,19/05/2025,1200,1400,1300
Haryana,Mewat,Tauru,Lemon,Other,FAQ,19/05/2025,8000,8000,8000
Haryana,Panipat,Panipat,"Bottle gourd","Bottle Gourd",FAQ,19/05/2025,500,700,600
Haryana,Panipat,Panipat,Brinjal,"Arkasheela Mattigulla",FAQ,19/05/2025,700,1300,1000
Haryana,Panipat,Panipat,Mango,Other,Medium,19/05/2025,2000,8000,5000
Haryana,Panipat,Panipat,Onion,Other,FAQ,19/05/2025,500,1300,900
Haryana,Panipat,Panipat,Pomegranate,Pomogranate,Medium,19/05/2025,5000,7000,6000
Haryana,Panipat,Panipat,Potato,Other,FAQ,19/05/2025,600,1200,900
Haryana,Panipat,Panipat,Tomato,Other,FAQ,19/05/2025,500,1000,750
Haryana,Panipat,Samalkha,"Bottle gourd","Bottle Gourd",FAQ,19/05/2025,700,700,700
Haryana,Panipat,Samalkha,"Green Chilli","Green Chilly",FAQ,19/05/2025,2000,2000,2000
Haryana,Panipat,Samalkha,"Karbuja(Musk Melon)",Karbhuja,Large,19/05/2025,1000,1000,1000
Haryana,Panipat,Samalkha,"Long Melon(Kakri)","Long Melon (Kakri)",FAQ,19/05/2025,1000,1000,1000
Haryana,Panipat,Samalkha,Onion,Local,FAQ,19/05/2025,1000,1000,1000
Haryana,Panipat,Samalkha,Ridgeguard(Tori),Other,FAQ,19/05/2025,1000,1000,1000
Haryana,Panipat,Samalkha,"Water Melon","Water Melon",Large,19/05/2025,600,600,600
Haryana,Rewari,Kosli,Banana,Other,Medium,19/05/2025,2000,2000,2000
Haryana,Rewari,Kosli,"Bhindi(Ladies Finger)",Bhindi,FAQ,19/05/2025,2000,2000,2000
Haryana,Rewari,Kosli,Potato,Other,FAQ,19/05/2025,1000,1000,1000
Haryana,Rohtak,Meham,Brinjal,Other,FAQ,19/05/2025,1000,1000,1000
Haryana,Rohtak,Meham,Mango,Badami,Medium,19/05/2025,4000,5000,4500
Haryana,Rohtak,Meham,"Mousambi(Sweet Lime)",Mousambi,Medium,19/05/2025,4500,4500,4500
Haryana,Rohtak,Meham,Tomato,Deshi,FAQ,19/05/2025,600,1000,800
Haryana,Sonipat,Ganaur,"Green Chilli","Green Chilly",FAQ,19/05/2025,2000,2500,2200
Haryana,Sonipat,Ganaur,Lemon,Lemon,FAQ,19/05/2025,9500,10000,9800
Haryana,Sonipat,Ganaur,"Mango (Raw-Ripe)","Mango - Raw-Ripe",FAQ,19/05/2025,1800,2000,1800
Haryana,Sonipat,Ganaur,"Peas Wet","Peas Wet",FAQ,19/05/2025,5000,6000,5500
Haryana,Sonipat,Ganaur,Ridgeguard(Tori),Ridgeguard(Tori),FAQ,19/05/2025,1200,1400,1200
Haryana,Sonipat,Ganaur,Tinda,Tinda,FAQ,19/05/2025,2400,2500,2400
Haryana,Sonipat,Ganaur,"Yam (Ratalu)","Yam (Ratalu)",FAQ,19/05/2025,3000,3500,3200
Haryana,Sonipat,Gohana,Onion,Other,Non-FAQ,19/05/2025,1000,1500,1200
Haryana,Sonipat,Gohana,Potato,Other,Non-FAQ,19/05/2025,1000,1500,1200
Haryana,"Yamuna Nagar",Radaur,"Bottle gourd",Other,FAQ,19/05/2025,400,500,450
Haryana,"Yamuna Nagar",Radaur,Cucumbar(Kheera),Other,FAQ,19/05/2025,400,500,450
Haryana,"Yamuna Nagar",Sadhaura,Capsicum,Capsicum,FAQ,19/05/2025,1800,2000,1900
"Himachal Pradesh",Chamba,Chamba,"Bhindi(Ladies Finger)",Bhindi,FAQ,19/05/2025,3000,3500,3250
"Himachal Pradesh",Chamba,Chamba,Coriander(Leaves),Other,FAQ,19/05/2025,3500,4000,3750
"Himachal Pradesh",Chamba,Chamba,"French Beans (Frasbean)",Other,FAQ,19/05/2025,5000,6000,5500
"Himachal Pradesh",Chamba,Chamba,"Green Chilli",Other,FAQ,19/05/2025,5000,5500,5250
"Himachal Pradesh",Chamba,Chamba,Onion,Other,FAQ,19/05/2025,1800,2000,1900
"Himachal Pradesh",Hamirpur,Hamirpur,Brinjal,Other,FAQ,19/05/2025,2000,2600,2400
"Himachal Pradesh",Hamirpur,Hamirpur,Cucumbar(Kheera),Other,FAQ,19/05/2025,1600,3000,2300
"Himachal Pradesh",Hamirpur,Hamirpur,Onion,Other,FAQ,19/05/2025,1600,2000,1800
"Himachal Pradesh",Hamirpur,Hamirpur,Tomato,Other,FAQ,19/05/2025,1500,1800,1650
"Himachal Pradesh",Hamirpur,Hamirpur,"Water Melon",Other,Medium,19/05/2025,1400,1600,1500
"Himachal Pradesh",Kangra,Dharamshala,Banana,Other,Medium,19/05/2025,4300,4400,4350
"Himachal Pradesh",Kangra,Dharamshala,Coriander(Leaves),Other,FAQ,19/05/2025,4000,4500,4250
"Himachal Pradesh",Kangra,Dharamshala,Cucumbar(Kheera),Other,FAQ,19/05/2025,1500,1600,1550
"Himachal Pradesh",Kangra,Dharamshala,Onion,Other,FAQ,19/05/2025,2000,2200,2100
"Himachal Pradesh",Kangra,Dharamshala,Papaya,Other,Medium,19/05/2025,4000,4500,4250
"Himachal Pradesh",Kangra,Kangra,"French Beans (Frasbean)",Other,FAQ,19/05/2025,7000,8000,7500
"Himachal Pradesh",Kangra,Kangra,Grapes,Other,Medium,19/05/2025,9000,10000,9500
"Himachal Pradesh",Kangra,Kangra,Mango,Other,Medium,19/05/2025,5000,8000,6000
"Himachal Pradesh",Kangra,Kangra,Papaya,Other,Medium,19/05/2025,3000,3500,3200
"Himachal Pradesh",Kangra,Kangra,Plum,Other,Medium,19/05/2025,5000,10000,8000
"Himachal Pradesh",Kangra,Kangra,Spinach,Other,FAQ,19/05/2025,2500,3000,2700
"Himachal Pradesh",Kangra,Kangra(Baijnath),Apple,Apple,Medium,19/05/2025,15000,16000,15500
"Himachal Pradesh",Kangra,Kangra(Baijnath),"Bhindi(Ladies Finger)",Bhindi,FAQ,19/05/2025,3200,3400,3200
"Himachal Pradesh",Kangra,Kangra(Baijnath),Carrot,Carrot,FAQ,19/05/2025,2000,2200,2100
"Himachal Pradesh",Kangra,Kangra(Baijnath),Coriander(Leaves),Coriander,FAQ,19/05/2025,4500,5000,4800
"Himachal Pradesh",Kangra,Kangra(Baijnath),Cucumbar(Kheera),Cucumbar,FAQ,19/05/2025,1600,2400,2000
"Himachal Pradesh",Kangra,Kangra(Baijnath),Ginger(Green),"Green Ginger",FAQ,19/05/2025,6000,7000,6500
"Himachal Pradesh",Kangra,Kangra(Baijnath),Lemon,Lemon,FAQ,19/05/2025,9000,11000,10500
"Himachal Pradesh",Kangra,Kangra(Baijnath),Tomato,Tomato,FAQ,19/05/2025,1200,1500,1300
"Himachal Pradesh",Kangra,Kangra(Jaisinghpur),Banana,"Banana - Ripe",Medium,19/05/2025,4700,5000,4900
"Himachal Pradesh",Kangra,Kangra(Jaisinghpur),"Bottle gourd","Bottle Gourd",FAQ,19/05/2025,2000,2200,2100
"Himachal Pradesh",Kangra,Kangra(Jaisinghpur),Capsicum,Capsicum,FAQ,19/05/2025,3000,3500,3300
"Himachal Pradesh",Kangra,Kangra(Jaisinghpur),Garlic,Average,FAQ,19/05/2025,9500,10000,9800
"Himachal Pradesh",Kangra,Kangra(Jaisinghpur),Grapes,Annabesahai,Medium,19/05/2025,10000,11500,10800
"Himachal Pradesh",Kangra,Kangra(Jaisinghpur),Mashrooms,Mashrooms,FAQ,19/05/2025,15000,16000,15500
"Himachal Pradesh",Kangra,Kangra(Jaisinghpur),"Peas Wet","Peas Wet",FAQ,19/05/2025,8500,9500,9000
"Himachal Pradesh",Kangra,Kangra(Jaisinghpur),"Sponge gourd","Sponge gourd",FAQ,19/05/2025,2800,3200,3000
"Himachal Pradesh",Kangra,"Kangra(Nagrota Bagwan)",Brinjal,"Arkasheela Mattigulla",FAQ,19/05/2025,1000,2000,1400
"Himachal Pradesh",Kangra,"Kangra(Nagrota Bagwan)","Karbuja(Musk Melon)",Karbhuja,Medium,19/05/2025,1800,2200,2000
"Himachal Pradesh",Kangra,"Kangra(Nagrota Bagwan)",Lemon,Lemon,FAQ,19/05/2025,9000,10000,9500
"Himachal Pradesh",Kangra,"Kangra(Nagrota Bagwan)",Tomato,Deshi,FAQ,19/05/2025,1000,1200,1100
"Himachal Pradesh",Kangra,"Kangra(Nagrota Bagwan)","Water Melon",Other,Medium,19/05/2025,1000,1500,1200
"Himachal Pradesh",Kangra,Palampur,"Bhindi(Ladies Finger)",Other,FAQ,19/05/2025,3000,3200,3100
"Himachal Pradesh",Kangra,Palampur,Brinjal,Brinjal,FAQ,19/05/2025,2300,2500,2400
"Himachal Pradesh",Kangra,Palampur,"Karbuja(Musk Melon)",Karbhuja,Medium,19/05/2025,2000,2200,2100
"Himachal Pradesh",Kangra,Palampur,Lemon,Other,FAQ,19/05/2025,8000,9000,8800
"Himachal Pradesh",Kangra,Palampur,Mashrooms,Other,FAQ,19/05/2025,14500,16000,15500
"Himachal Pradesh",Kangra,Palampur,Papaya,Other,Medium,19/05/2025,4000,4500,4300
"Himachal Pradesh",Kangra,Palampur,Potato,Other,FAQ,19/05/2025,1200,1300,1250
"Himachal Pradesh",Solan,Solan(Nalagarh),"Water Melon",Other,Medium,19/05/2025,1000,1200,1100
"Jammu and Kashmir",Kathua,Kathua,"Bottle gourd",Other,FAQ,19/05/2025,700,800,750
"Jammu and Kashmir",Kathua,Kathua,Garlic,Garlic,FAQ,19/05/2025,6000,7000,6500
"Jammu and Kashmir",Kathua,Kathua,"Knool Khol",Other,FAQ,19/05/2025,1000,1200,1100
"Jammu and Kashmir",Kathua,Kathua,Mashrooms,Mashrooms,FAQ,19/05/2025,10000,11000,10500
"Jammu and Kashmir",Kathua,Kathua,Onion,Other,FAQ,19/05/2025,1200,1300,1250
"Jammu and Kashmir",Rajouri,"Rajouri (F&V)","Bhindi(Ladies Finger)",Other,FAQ,19/05/2025,3500,3700,3600
"Jammu and Kashmir",Rajouri,"Rajouri (F&V)",Capsicum,Other,FAQ,19/05/2025,3500,3700,3600
"Jammu and Kashmir",Rajouri,"Rajouri (F&V)",Mango,Safeda,Medium,19/05/2025,6000,6200,6100
Kerala,Alappuzha,Chengannur,"Bitter gourd",Other,FAQ,19/05/2025,7500,8200,8000
Kerala,Alappuzha,Chengannur,Cabbage,Other,FAQ,19/05/2025,2800,3100,3000
Kerala,Alappuzha,Chengannur,Cucumbar(Kheera),Other,FAQ,19/05/2025,1900,2200,2000
Kerala,Alappuzha,Chengannur,Onion,Onion,FAQ,19/05/2025,1900,2200,2000
Kerala,Alappuzha,Chengannur,Potato,Potato,FAQ,19/05/2025,3300,3600,3500
Kerala,Alappuzha,Cherthala,Amaranthus,Other,FAQ,19/05/2025,5000,5200,5100
Kerala,Alappuzha,Cherthala,"Banana - Green","Banana - Green",FAQ,19/05/2025,3200,3400,3300
Kerala,Alappuzha,Cherthala,Beetroot,Other,FAQ,19/05/2025,4000,4200,4100
Kerala,Alappuzha,Cherthala,Cabbage,Cabbage,FAQ,19/05/2025,3300,3500,3400
Kerala,Alappuzha,Cherthala,Cowpea(Veg),"Cowpea (Veg)",FAQ,19/05/2025,4500,4700,4600
Kerala,Alappuzha,Cherthala,"Little gourd (Kundru)",Other,FAQ,19/05/2025,3200,3400,3300
Kerala,Alappuzha,Harippad,Beetroot,Other,FAQ,19/05/2025,4000,4500,4000
Kerala,Alappuzha,Harippad,"Green Chilli",Other,FAQ,19/05/2025,4000,4500,4000
Kerala,Alappuzha,Mannar,Ashgourd,Other,FAQ,19/05/2025,2000,2200,2100
Kerala,Alappuzha,Mannar,"Bitter gourd",Other,FAQ,19/05/2025,7800,8000,7900
Kerala,Alappuzha,Mannar,Colacasia,Other,FAQ,19/05/2025,6000,6200,6100
Kerala,Ernakulam,Angamaly,Ashgourd,Ashgourd,FAQ,19/05/2025,2000,3000,2500
Kerala,Ernakulam,Angamaly,"Bhindi(Ladies Finger)",Bhindi,FAQ,19/05/2025,2600,4000,3000
Kerala,Ernakulam,Angamaly,"Bitter gourd","Bitter Gourd",FAQ,19/05/2025,6500,8000,7000
Kerala,Ernakulam,Angamaly,"Bottle gourd","Bottle Gourd",FAQ,19/05/2025,2000,3000,2500
Kerala,Ernakulam,Angamaly,Brinjal,Brinjal,FAQ,19/05/2025,3200,5000,4000
Kerala,Ernakulam,Angamaly,Colacasia,Other,FAQ,19/05/2025,5000,7000,6000
Kerala,Ernakulam,Angamaly,Onion,Big,FAQ,19/05/2025,2400,3200,3000
Kerala,Ernakulam,Angamaly,Tapioca,Tapioca,FAQ,19/05/2025,3000,4000,3500
Kerala,Ernakulam,Ernakulam,Ashgourd,Ashgourd,FAQ,19/05/2025,1500,1800,1600
Kerala,Ernakulam,Ernakulam,Banana,Palayamthodan,Medium,19/05/2025,2900,3200,3100
Kerala,Ernakulam,"North Paravur","Bitter gourd","Bitter Gourd",FAQ,19/05/2025,7000,8000,7500
Kerala,Ernakulam,"North Paravur","Black pepper",Garbled,FAQ,19/05/2025,70000,90000,80000
Kerala,Ernakulam,"North Paravur","Bottle gourd","Bottle Gourd",FAQ,19/05/2025,1500,2500,2000
Kerala,Ernakulam,"North Paravur",Brinjal,"Arkasheela Mattigulla",FAQ,19/05/2025,2800,3500,3000
Kerala,Ernakulam,"North Paravur",Ginger(Green),"Green Ginger",FAQ,19/05/2025,5000,6000,5500
Kerala,Ernakulam,Perumbavoor,"Banana - Green","Banana - Green",FAQ,19/05/2025,4300,5300,4700
Kerala,Ernakulam,Perumbavoor,"Bhindi(Ladies Finger)",Bhindi,FAQ,19/05/2025,2600,3600,3000
Kerala,Ernakulam,Perumbavoor,Brinjal,Brinjal,FAQ,19/05/2025,2200,3200,2700
Kerala,Ernakulam,Perumbavoor,Colacasia,Other,FAQ,19/05/2025,4800,5800,5200
Kerala,Ernakulam,Perumbavoor,Lemon,Lemon,FAQ,19/05/2025,7500,8500,8000
Kerala,Ernakulam,Perumbavoor,Potato,Potato,FAQ,19/05/2025,2400,3400,2700
Kerala,Ernakulam,Perumbavoor,Pumpkin,Pumpkin,FAQ,19/05/2025,1000,2000,1500
Kerala,Ernakulam,Perumbavoor,Snakeguard,Snakeguard,FAQ,19/05/2025,2200,3200,2700
Kerala,Ernakulam,Thrippunithura,Ashgourd,Ashgourd,FAQ,19/05/2025,2400,4000,2600
Kerala,Ernakulam,Thrippunithura,Banana,Palayamthodan,Medium,19/05/2025,3000,4000,3200
Kerala,Ernakulam,Thrippunithura,Capsicum,Capsicum,FAQ,19/05/2025,7000,10000,8000
Kerala,Ernakulam,Thrippunithura,Carrot,Carrot,FAQ,19/05/2025,4800,6000,5000
Kerala,Ernakulam,Thrippunithura,Cowpea(Veg),"Cowpea (Veg)",FAQ,19/05/2025,4000,5000,4200
Kerala,Ernakulam,Thrippunithura,Lemon,Other,FAQ,19/05/2025,13000,14000,13200
Kerala,Kannur,Thalasserry,Banana,Other,Large,19/05/2025,5400,5600,5500
Kerala,Kannur,Thalasserry,"Bhindi(Ladies Finger)",Other,FAQ,19/05/2025,3400,3600,3500
Kerala,Kannur,Thalasserry,"Coconut Oil",Other,FAQ,19/05/2025,28500,29500,29000
Kerala,Kottayam,Ettumanoor,"Bitter gourd",Other,FAQ,19/05/2025,8000,8200,8100
Kerala,Kottayam,Ettumanoor,Colacasia,Other,FAQ,19/05/2025,6000,7000,6500
Kerala,Kottayam,Pampady,Banana,Palayamthodan,Medium,19/05/2025,1500,2500,2000
Kerala,Kottayam,Pampady,"Indian Beans (Seam)",Other,FAQ,19/05/2025,7800,9000,8500
Kerala,Kottayam,Pampady,"Mango (Raw-Ripe)",Other,FAQ,19/05/2025,3000,4500,4000
Kerala,Kottayam,Pampady,Tapioca,Tapioca,FAQ,19/05/2025,3000,4500,4000
Kerala,Kottayam,Thalayolaparambu,Ashgourd,Ashgourd,FAQ,19/05/2025,1600,2000,1700
Kerala,Kozhikode(Calicut),Mukkom,Amphophalus,Amphophalus,FAQ,19/05/2025,6500,6800,6600
Kerala,Kozhikode(Calicut),Mukkom,Banana,Other,Large,19/05/2025,4800,5200,5000
Kerala,Kozhikode(Calicut),Mukkom,Beetroot,Beetroot,FAQ,19/05/2025,4000,4400,4200
Kerala,Kozhikode(Calicut),Mukkom,"Bhindi(Ladies Finger)",Bhindi,FAQ,19/05/2025,3000,3400,3200
Kerala,Kozhikode(Calicut),Mukkom,Cabbage,Cabbage,FAQ,19/05/2025,2800,3200,3000
Kerala,Kozhikode(Calicut),Mukkom,"Coconut Seed",Other,FAQ,19/05/2025,6000,6200,6100
Kerala,Kozhikode(Calicut),Mukkom,Cowpea(Veg),"Cowpea (Veg)",FAQ,19/05/2025,5500,5800,5600
Kerala,Kozhikode(Calicut),Mukkom,Cucumbar(Kheera),Cucumbar,FAQ,19/05/2025,1600,2000,1800
Kerala,Kozhikode(Calicut),Mukkom,Drumstick,Drumstick,FAQ,19/05/2025,10500,11500,11000
Kerala,Kozhikode(Calicut),Palayam,"Bhindi(Ladies Finger)",Other,FAQ,19/05/2025,1900,1900,1900
Kerala,Kozhikode(Calicut),Palayam,Brinjal,Other,FAQ,19/05/2025,2000,2000,2000
Kerala,Kozhikode(Calicut),Palayam,Cauliflower,Other,FAQ,19/05/2025,2500,2500,2500
Kerala,Kozhikode(Calicut),Palayam,"Cluster beans",Other,FAQ,19/05/2025,1700,1700,1700
Kerala,Kozhikode(Calicut),Palayam,"Green Chilli",Other,FAQ,19/05/2025,2600,2600,2600
Kerala,Kozhikode(Calicut),Palayam,Potato,Other,FAQ,19/05/2025,2300,2400,2300
Kerala,Kozhikode(Calicut),Quilandy,"Bhindi(Ladies Finger)",Other,FAQ,19/05/2025,3000,3200,3000
Kerala,Kozhikode(Calicut),Quilandy,"French Beans (Frasbean)",Other,FAQ,19/05/2025,8700,9000,8800
Kerala,Kozhikode(Calicut),Quilandy,Pumpkin,Other,FAQ,19/05/2025,1300,1400,1300
Kerala,Kozhikode(Calicut),Quilandy,Raddish,Other,FAQ,19/05/2025,2800,3000,3000
Kerala,Kozhikode(Calicut),Vengeri(Kozhikode),"Bitter gourd","Bitter Gourd",FAQ,19/05/2025,5000,5300,5300
Kerala,Kozhikode(Calicut),Vengeri(Kozhikode),Carrot,Carrot,FAQ,19/05/2025,2600,2900,2900
Kerala,Malappuram,Kottakkal,Ashgourd,Other,FAQ,19/05/2025,1000,1200,1100
Kerala,Malappuram,Kottakkal,Beetroot,Beetroot,FAQ,19/05/2025,3100,3300,3200
Kerala,Malappuram,Kottakkal,Carrot,Other,FAQ,19/05/2025,2500,2700,2600
Kerala,Malappuram,Kottakkal,"Cowpea (Lobia/Karamani)",Other,FAQ,19/05/2025,2300,2500,2400
Kerala,Malappuram,Kottakkal,Cucumbar(Kheera),Other,FAQ,19/05/2025,5000,5200,5100
Kerala,Malappuram,Kottakkal,Onion,Other,FAQ,19/05/2025,1800,2000,1900
Kerala,Malappuram,Kottakkal,Raddish,Other,FAQ,19/05/2025,2300,2500,2400
Kerala,Malappuram,Kottakkal,Snakeguard,Other,FAQ,19/05/2025,2400,2600,2500
Kerala,Malappuram,Kottakkal,Tomato,Other,FAQ,19/05/2025,1500,1700,1600
Kerala,Malappuram,Perinthalmanna,"Banana - Green","Banana - Green",FAQ,19/05/2025,3000,3800,3500
Kerala,Malappuram,Perinthalmanna,"Bhindi(Ladies Finger)",Bhindi,FAQ,19/05/2025,3500,3800,3600
Kerala,Malappuram,Perinthalmanna,Cabbage,Cabbage,FAQ,19/05/2025,1500,1800,1600
Kerala,Malappuram,Perinthalmanna,Capsicum,Capsicum,FAQ,19/05/2025,5000,6000,5500
Kerala,Malappuram,Perinthalmanna,Ginger(Green),"Green Ginger",FAQ,19/05/2025,3500,4500,4000
Kerala,Malappuram,Perinthalmanna,Lemon,Other,FAQ,19/05/2025,8000,8500,8200
Kerala,Palakad,Koduvayoor,Ashgourd,Other,FAQ,19/05/2025,1000,1800,1400
Kerala,Palakad,Koduvayoor,Banana,"Nendra Bale",Medium,19/05/2025,4500,4900,4700
Kerala,Palakad,Koduvayoor,"Bitter gourd",Other,FAQ,19/05/2025,6000,6400,6200
Kerala,Palakad,Koduvayoor,"Bottle gourd",Other,FAQ,19/05/2025,2400,2800,2600
Kerala,Palakad,Koduvayoor,Colacasia,Other,FAQ,19/05/2025,6800,7200,7000
Kerala,Palakad,Koduvayoor,"Elephant Yam (Suran)",Other,FAQ,19/05/2025,5800,6200,6000
Kerala,Palakad,Koduvayoor,Garlic,Other,FAQ,19/05/2025,12500,12900,12700
Kerala,Palakad,Koduvayoor,"Green Chilli",Other,FAQ,19/05/2025,3500,3900,3700
Kerala,Palakad,Koduvayoor,Onion,Big,FAQ,19/05/2025,2000,2800,2400
Kerala,Pathanamthitta,"Kalanjoor  VFPCK",Banana,"Red Banana",Large,19/05/2025,3000,4300,3800
Kerala,Pathanamthitta,"Kalanjoor  VFPCK",Cowpea(Veg),"Cowpea (Veg)",FAQ,19/05/2025,5200,7000,5800
Kerala,Pathanamthitta,"Mezhuveli  VFPCK",Banana,Palayamthodan,Medium,19/05/2025,800,2300,1600
Kerala,Thirssur,Irinjalakkuda,"Banana - Green",Other,FAQ,19/05/2025,4500,4500,4500
Kerala,Thirssur,Thrissur,Ashgourd,Ashgourd,FAQ,19/05/2025,1400,1400,1400
Kerala,Thirssur,Thrissur,Cauliflower,Cauliflower,FAQ,19/05/2025,4000,4000,4000
Kerala,Thirssur,Thrissur,Cucumbar(Kheera),Cucumbar,FAQ,19/05/2025,1500,1500,1500
Kerala,Thirssur,Thrissur,Snakeguard,Snakeguard,FAQ,19/05/2025,2500,2500,2500
Kerala,Thiruvananthapuram,Parassala,"Elephant Yam (Suran)","Elephant Yam (Suran)",FAQ,19/05/2025,4000,4500,4000
Kerala,Thiruvananthapuram,Parassala,"Green Chilli","Green Chilly",FAQ,19/05/2025,5800,6000,5800
"Madhya Pradesh",Morena,Sabalgarh(F&V),Tomato,Deshi,Non-FAQ,19/05/2025,900,1000,950
Nagaland,Kohima,Kohima,Beans,"Beans (Whole)",FAQ,19/05/2025,8000,8200,8100
Odisha,Balasore,Jaleswar,Onion,Other,FAQ,19/05/2025,1800,2200,2000
Odisha,Balasore,Jaleswar,Potato,Other,FAQ,19/05/2025,1300,1700,1500
Odisha,Balasore,Jaleswar,"Water Melon","Water Melon",Medium,19/05/2025,1100,1500,1300
Odisha,Bargarh,Attabira,Onion,Other,FAQ,19/05/2025,1800,2000,1800
Odisha,Bargarh,Attabira,"Pointed gourd (Parval)",Other,FAQ,19/05/2025,3500,4000,3500
Odisha,Bargarh,Attabira,Ridgeguard(Tori),Ridgeguard(Tori),FAQ,19/05/2025,2500,3000,2500
Odisha,Bhadrak,Chandabali,Onion,Other,FAQ,19/05/2025,2000,2500,2200
Odisha,Boudh,Khunthabandha,Brinjal,Other,FAQ,19/05/2025,1500,2500,2000
Odisha,Dhenkanal,Hindol,Cucumbar(Kheera),Cucumbar,FAQ,19/05/2025,4000,4500,4200
Odisha,Dhenkanal,Kamakhyanagar,"Bhindi(Ladies Finger)",Bhindi,FAQ,19/05/2025,3500,4200,4000
Odisha,Dhenkanal,Kamakhyanagar,Cauliflower,Cauliflower,FAQ,19/05/2025,3000,4000,3500
Odisha,Dhenkanal,Kamakhyanagar,"Green Chilli","Green Chilly",FAQ,19/05/2025,6000,6500,6000
Odisha,Gajapati,Parlakhemundi,Brinjal,Other,FAQ,19/05/2025,1300,1500,1400
Odisha,Gajapati,Parlakhemundi,Tomato,Local,Non-FAQ,19/05/2025,1300,1500,1400
Odisha,Ganjam,Bhanjanagar,Pumpkin,Other,FAQ,19/05/2025,1000,1200,1100
Odisha,Kendrapara,Kendrapara,"Pointed gourd (Parval)","Pointed gourd (Parval)",FAQ,19/05/2025,3000,4000,3500
Odisha,Kendrapara,Kendrapara,Pumpkin,Pumpkin,FAQ,19/05/2025,1500,2000,1500
Odisha,Kendrapara,Kendrapara(Marshaghai),Potato,Potato,Non-FAQ,19/05/2025,1700,2000,1800
Odisha,Nayagarh,Bahadajholla,"Bhindi(Ladies Finger)",Bhindi,FAQ,19/05/2025,950,1200,950
Odisha,Nayagarh,Bahadajholla,Pumpkin,Other,FAQ,19/05/2025,1000,1000,1000
Odisha,Rayagada,Gunpur,Brinjal,Other,FAQ,19/05/2025,2000,3150,2500
Odisha,Rayagada,Gunpur,Cotton,Other,FAQ,19/05/2025,6500,7521,7000
Odisha,Rayagada,Gunpur,"Water Melon",Other,Small,19/05/2025,2000,3000,2500
Odisha,Rayagada,Rayagada(Muniguda),Carrot,Carrot,FAQ,19/05/2025,3200,4100,3650
Odisha,Sundergarh,Sargipali,Tomato,Other,Non-FAQ,19/05/2025,1800,2200,2000
Punjab,Amritsar,Chogawan,Cauliflower,Cauliflower,FAQ,19/05/2025,600,850,750
Punjab,Amritsar,Rayya,"Bhindi(Ladies Finger)",Bhindi,FAQ,19/05/2025,2800,2800,2800
Punjab,Amritsar,Rayya,Tomato,Hybrid,FAQ,19/05/2025,1200,1200,1200
Punjab,Fazilka,Fazilka,Garlic,Other,FAQ,19/05/2025,3000,5000,4000
Punjab,Fazilka,Fazilka,Mango,Other,Medium,19/05/2025,4000,6000,5000
Punjab,Gurdaspur,Kalanaur,"Green Chilli","Green Chilly",FAQ,19/05/2025,4000,4000,4000
Punjab,Gurdaspur,Kalanaur,Pumpkin,Other,FAQ,19/05/2025,1000,1000,1000
Punjab,Hoshiarpur,"Garh Shankar",Capsicum,Capsicum,FAQ,19/05/2025,1500,1800,1700
Punjab,Hoshiarpur,"Garh Shankar",Cauliflower,Cauliflower,FAQ,19/05/2025,2500,3000,2700
Punjab,Hoshiarpur,"Garh Shankar","Karbuja(Musk Melon)",Other,Large,19/05/2025,1200,1400,1300
Punjab,Hoshiarpur,Mukerian(Talwara),"Bhindi(Ladies Finger)",Bhindi,FAQ,19/05/2025,3500,4500,4000
Punjab,Hoshiarpur,Mukerian(Talwara),"Bitter gourd","Bitter Gourd",FAQ,19/05/2025,1400,2200,1800
Punjab,Hoshiarpur,Mukerian(Talwara),Cucumbar(Kheera),Cucumbar,FAQ,19/05/2025,1000,2800,1800
Punjab,Hoshiarpur,Mukerian(Talwara),"Field Pea","Field Pea",FAQ,19/05/2025,6000,7000,6500
Punjab,Hoshiarpur,Mukerian(Talwara),Tomato,Tomato,FAQ,19/05/2025,1000,1500,1200
Punjab,Hoshiarpur,"Tanda Urmur","Bhindi(Ladies Finger)",Other,FAQ,19/05/2025,2000,2500,2200
Punjab,Jalandhar,Nakodar,"Bottle gourd","Bottle Gourd",FAQ,19/05/2025,700,850,800
Punjab,Ludhiana,Doraha,"Bitter gourd",Other,FAQ,19/05/2025,2500,2500,2500
Punjab,Ludhiana,Khanna,Capsicum,Capsicum,FAQ,19/05/2025,700,1200,1000
Punjab,Ludhiana,Khanna,Lemon,Other,FAQ,19/05/2025,3000,5000,4000
Punjab,Ludhiana,Khanna,"Peas Wet",Other,FAQ,19/05/2025,2000,3000,2500
Punjab,Ludhiana,Khanna,Tomato,Other,FAQ,19/05/2025,800,1500,1000
Punjab,Ludhiana,Sahnewal,Capsicum,Capsicum,FAQ,19/05/2025,2000,2000,2000
Punjab,Moga,"Nihal Singh Wala",Cabbage,Other,FAQ,19/05/2025,400,600,500
Punjab,Moga,"Nihal Singh Wala","Green Chilli",Other,FAQ,19/05/2025,1500,2000,1800
Punjab,Moga,"Nihal Singh Wala","Peas Wet",Other,FAQ,19/05/2025,3500,4000,3800
Punjab,Nawanshahr,"Nawan Shahar(Subzi Mandi)",Ginger(Green),Other,FAQ,19/05/2025,4700,5000,4800
Punjab,Nawanshahr,"Nawan Shahar(Subzi Mandi)",Grapes,Other,Medium,19/05/2025,7000,8000,7600
Punjab,Nawanshahr,"Nawan Shahar(Subzi Mandi)","Green Chilli",Other,FAQ,19/05/2025,1600,1800,1730
Punjab,Nawanshahr,"Nawan Shahar(Subzi Mandi)","Karbuja(Musk Melon)",Other,Medium,19/05/2025,1300,1400,1330
Punjab,Nawanshahr,"Nawan Shahar(Subzi Mandi)",Lime,Other,Medium,19/05/2025,8000,9000,8650
Punjab,Nawanshahr,"Nawan Shahar(Subzi Mandi)",Mango,Other,Small,19/05/2025,3200,3500,3300
Punjab,Nawanshahr,"Nawan Shahar(Subzi Mandi)","Mousambi(Sweet Lime)",Other,Medium,19/05/2025,4000,4500,4300
Punjab,Pathankot,Pathankot,Apricot(Jardalu/Khumani),Apricot(Jardalu/Khumani),Medium,19/05/2025,2800,3000,3000
Punjab,Pathankot,Pathankot,Banana,Medium,Medium,19/05/2025,3200,3600,3600
Punjab,Pathankot,Pathankot,"Green Chilli","Green Chilly",FAQ,19/05/2025,1200,1400,1400
Punjab,Pathankot,Pathankot,Guava,Guava,Medium,19/05/2025,2800,3000,3000
Punjab,Pathankot,Pathankot,Potato,Potato,Non-FAQ,19/05/2025,600,800,800
Punjab,Patiala,Ghanaur,Onion,Other,FAQ,19/05/2025,1200,1400,1300
Punjab,"Ropar (Rupnagar)",Morinda,Brinjal,Round/Long,FAQ,19/05/2025,1500,1500,1500
Punjab,"Ropar (Rupnagar)",Morinda,Lemon,Lemon,FAQ,19/05/2025,5000,9000,7000
Punjab,"Ropar (Rupnagar)",Morinda,Mint(Pudina),Mint(Pudina),FAQ,19/05/2025,2000,2000,2000
Punjab,"Ropar (Rupnagar)",Morinda,"Peas Wet","Peas Wet",FAQ,19/05/2025,5000,5000,5000
Punjab,"Ropar (Rupnagar)",Morinda,Pineapple,"Pine Apple",Medium,19/05/2025,5000,5000,5000
Punjab,"Ropar (Rupnagar)",Morinda,Ridgeguard(Tori),Ridgeguard(Tori),FAQ,19/05/2025,2500,2500,2500
Punjab,"Ropar (Rupnagar)",Morinda,Tomato,Deshi,Non-FAQ,19/05/2025,1000,1200,1100
Punjab,Tarntaran,"Naushera Pannuan",Brinjal,Other,FAQ,19/05/2025,1200,1200,1200
Punjab,Tarntaran,Patti,Capsicum,Other,FAQ,19/05/2025,1200,1600,1400
Punjab,Tarntaran,Patti,"Green Chilli",Other,FAQ,19/05/2025,1200,1500,1400
Punjab,Tarntaran,Patti,Potato,Other,FAQ,19/05/2025,400,500,450
Punjab,Tarntaran,Patti,Ridgeguard(Tori),Other,FAQ,19/05/2025,1200,1600,1400
Rajasthan,Beawar,Beawar,"Cummin Seed(Jeera)",Other,FAQ,19/05/2025,18000,21000,19500
Rajasthan,Beawar,Beawar,Wheat,Other,FAQ,19/05/2025,2400,2600,2500
Rajasthan,Churu,Sadulpur,"Bajra(Pearl Millet/Cumbu)",Local,FAQ,19/05/2025,2200,2300,2250
Rajasthan,Ganganagar,"Sriganganagar (F&V)",Cabbage,Other,FAQ,19/05/2025,700,900,800
Rajasthan,Ganganagar,"Sriganganagar (F&V)",Ginger(Green),"Green Ginger",FAQ,19/05/2025,3800,4200,4000
Rajasthan,Ganganagar,"Sriganganagar (F&V)","Green Chilli","Green Chilly",FAQ,19/05/2025,1600,2000,1800
Rajasthan,Ganganagar,"Sriganganagar (F&V)",Mango,Other,Medium,19/05/2025,5300,5700,5500
Rajasthan,Ganganagar,"Sriganganagar (F&V)",Pineapple,Other,Medium,19/05/2025,4300,4700,4500
Rajasthan,Ganganagar,"Sriganganagar (F&V)",Tinda,Other,FAQ,19/05/2025,2100,2500,2300
Rajasthan,Hanumangarh,Goluwala,Tomato,Deshi,FAQ,19/05/2025,1000,1000,1000
Rajasthan,Hanumangarh,Sangriya,Onion,Onion,FAQ,19/05/2025,800,1300,1000
Rajasthan,Jaipur,"Jaipur (F&V)","Bitter gourd","Bitter Gourd",FAQ,19/05/2025,1700,1800,1750
Rajasthan,Jaipur,"Jaipur (F&V)",Capsicum,Capsicum,FAQ,19/05/2025,2500,3000,2750
Rajasthan,Jaipur,"Jaipur (F&V)",Garlic,Average,FAQ,19/05/2025,3000,9000,6000
Rajasthan,Jaipur,"Jaipur (F&V)",Grapes,Annabesahai,Medium,19/05/2025,4000,8000,6000
Rajasthan,Jaipur,"Jaipur (F&V)",Lemon,Lemon,FAQ,19/05/2025,5000,6000,5500
Rajasthan,Jaipur,"Jaipur (F&V)","Mango (Raw-Ripe)",Other,FAQ,19/05/2025,1000,2000,1500
Rajasthan,"Jaipur Rural",Bassi,Mustard,Other,Non-FAQ,19/05/2025,5390,6241,5815
Rajasthan,"Jaipur Rural",Bassi,Onion,Other,Non-FAQ,19/05/2025,1300,1500,1400
Rajasthan,Jodhpur,"Jodhpur (Grain)","Methi Seeds",Other,FAQ,19/05/2025,4400,4610,4510
Rajasthan,Jodhpur,"Jodhpur (Grain)",Soanf,Other,FAQ,19/05/2025,6500,8000,7250
Rajasthan,Kota,Kota,"Bengal Gram(Gram)(Whole)",Other,Non-FAQ,19/05/2025,4901,5390,5100
Rajasthan,Kota,Kota,"Green Gram (Moong)(Whole)",Other,Non-FAQ,19/05/2025,3901,7000,6800
Rajasthan,Kota,Kota,Linseed,Other,FAQ,19/05/2025,6600,6900,6800
Rajasthan,Kota,Kota,"Methi Seeds",Other,FAQ,19/05/2025,4365,4600,4500
Rajasthan,Kota,Kota,"Sesamum(Sesame,Gingelly,Til)",Other,Non-FAQ,19/05/2025,5500,7700,7500
Rajasthan,Rajsamand,Rajsamand,Tomato,Tomato,FAQ,19/05/2025,600,800,700
Rajasthan,Sanchore,Sanchore,Onion,Other,FAQ,19/05/2025,1000,1400,1200
Telangana,Hyderabad,"Mahboob Manison",Beetroot,Beetroot,FAQ,19/05/2025,1500,1500,1500
Telangana,Hyderabad,"Mahboob Manison",Carrot,Carrot,FAQ,19/05/2025,2000,2500,2250
Telangana,Hyderabad,"Mahboob Manison",Tomato,Deshi,FAQ,19/05/2025,600,800,700
Telangana,Karimnagar,Vemulawada,Paddy(Dhan)(Common),"I.R. 64",FAQ,19/05/2025,2300,2320,2320
Telangana,Nalgonda,Devarkonda(Mallepalli),Paddy(Dhan)(Common),MTU-1010,Non-FAQ,19/05/2025,2300,2300,2300
Telangana,"Ranga Reddy","Kukatpally(Rythu Bazar)",Brinjal,"Arkasheela Mattigulla",FAQ,19/05/2025,1800,1800,1800
Telangana,"Ranga Reddy","Kukatpally(Rythu Bazar)",Ridgeguard(Tori),Other,FAQ,19/05/2025,3500,3500,3500
Telangana,"Ranga Reddy","Mehndipatnam(Rythu Bazar)","Banana - Green","Banana - Green",FAQ,19/05/2025,2500,2500,2500
Telangana,"Ranga Reddy","Mehndipatnam(Rythu Bazar)","Bitter gourd","Bitter Gourd",FAQ,19/05/2025,3200,3200,3200
Telangana,"Ranga Reddy","Mehndipatnam(Rythu Bazar)",Brinjal,"Arkasheela Mattigulla",FAQ,19/05/2025,1800,1800,1800
Telangana,"Ranga Reddy","Mehndipatnam(Rythu Bazar)",Cabbage,Cabbage,FAQ,19/05/2025,900,900,900
Telangana,"Ranga Reddy","Mehndipatnam(Rythu Bazar)","Leafy Vegetable","Leafy Vegetables",FAQ,19/05/2025,2000,2000,2000
Telangana,"Ranga Reddy","Mehndipatnam(Rythu Bazar)",Onion,"1st Sort",FAQ,19/05/2025,1600,1600,1600
Telangana,"Ranga Reddy","Mehndipatnam(Rythu Bazar)",Snakeguard,Other,FAQ,19/05/2025,1800,1800,1800
Telangana,Warangal,Warangal,"Bitter gourd","Bitter Gourd",FAQ,19/05/2025,4000,4500,4250
Telangana,Warangal,Warangal,Colacasia,Colacasia,FAQ,19/05/2025,3500,4000,3750
Telangana,Warangal,Warangal,Cucumbar(Kheera),Cucumbar,FAQ,19/05/2025,1600,2000,1800
Telangana,Warangal,Warangal,"Field Pea","Field Pea",FAQ,19/05/2025,4500,5000,4750
Telangana,Warangal,Warangal,"Green Chilli","Green Chilly",FAQ,19/05/2025,1600,2000,1800
Telangana,Warangal,Warangal,Ridgeguard(Tori),Ridgeguard(Tori),FAQ,19/05/2025,4000,4500,4250
Tripura,Gomati,Nutanbazar,"Bhindi(Ladies Finger)",Bhindi,FAQ,19/05/2025,3850,4000,3950
Tripura,Gomati,Nutanbazar,Brinjal,Round/Long,FAQ,19/05/2025,2850,3000,2950
Tripura,Gomati,Nutanbazar,"Pointed gourd (Parval)","Pointed gourd (Parval)",FAQ,19/05/2025,5850,6000,5950
Tripura,Khowai,Teliamura,Cowpea(Veg),"Cowpea (Veg)",FAQ,19/05/2025,3000,3200,3100
Tripura,Khowai,Teliamura,Fish,Rahu(Andhra),FAQ,19/05/2025,18700,18900,18800
Tripura,Khowai,Teliamura,Onion,Nasik,FAQ,19/05/2025,2000,2200,2100
Tripura,Khowai,Teliamura,Pigs,Pigs,FAQ,19/05/2025,3500,7000,5200
Tripura,Khowai,Teliamura,"Pointed gourd (Parval)","Pointed gourd (Parval)",FAQ,19/05/2025,3500,3700,3600
Tripura,"North Tripura",Dasda,Onion,Onion,FAQ,19/05/2025,2500,3000,2750
Tripura,"North Tripura",Dasda,Rice,Masuri,FAQ,19/05/2025,3300,3500,3400
Tripura,"South District",Barpathari,"Bhindi(Ladies Finger)",Bhindi,FAQ,19/05/2025,3900,4100,4000
Tripura,"South District",Barpathari,Ginger(Green),"Green Ginger",FAQ,19/05/2025,7900,8100,8000
Tripura,"South District",Barpathari,"Green Chilli","Green Chilly",FAQ,19/05/2025,3900,4100,4000
Tripura,"South District",Barpathari,Onion,Red,FAQ,19/05/2025,2400,2600,2500
"Uttar Pradesh",Agra,Fatehabad,Pumpkin,Pumpkin,FAQ,19/05/2025,400,600,600
"Uttar Pradesh",Aligarh,Charra,Cabbage,Cabbage,FAQ,19/05/2025,1400,1500,1450
"Uttar Pradesh",Amethi,Sultanpur,"Bitter gourd","Bitter Gourd",FAQ,19/05/2025,1930,1980,1950
"Uttar Pradesh",Amethi,Sultanpur,"Green Chilli","Green Chilly",FAQ,19/05/2025,2450,2500,2480
"Uttar Pradesh",Amethi,Sultanpur,Potato,Desi,FAQ,19/05/2025,1140,1170,1155
"Uttar Pradesh",Amroha,Amroha,"Arhar Dal(Tur Dal)","Arhar Dal(Tur)",FAQ,19/05/2025,11200,11300,11260
"Uttar Pradesh",Amroha,Dhanaura,Banana,Medium,Medium,19/05/2025,1000,1400,1200
"Uttar Pradesh",Amroha,Dhanaura,Garlic,Average,FAQ,19/05/2025,4500,5000,4800
"Uttar Pradesh",Amroha,Dhanaura,Onion,Medium,Non-FAQ,19/05/2025,1000,1400,1200
"Uttar Pradesh",Amroha,Dhanaura,Tomato,Deshi,Non-FAQ,19/05/2025,600,800,700
"Uttar Pradesh",Badaun,Babrala,Wheat,Dara,Non-FAQ,19/05/2025,2445,2470,2450
"Uttar Pradesh",Badaun,Babrala,Wood,Eucalyptus,FAQ,19/05/2025,480,500,490
"Uttar Pradesh",Badaun,Badayoun,Apple,Delicious,Medium,19/05/2025,10000,10300,10050
"Uttar Pradesh",Badaun,Badayoun,"Banana - Green","Banana - Green",FAQ,19/05/2025,1760,1880,1810
"Uttar Pradesh",Badaun,Badayoun,Cucumbar(Kheera),Cucumbar,FAQ,19/05/2025,1240,1350,1290
"Uttar Pradesh",Badaun,Badayoun,Paddy(Dhan)(Common),Sarvati,Non-FAQ,19/05/2025,2000,2070,2040
"Uttar Pradesh",Badaun,Badayoun,Pumpkin,Pumpkin,FAQ,19/05/2025,980,1100,1025
"Uttar Pradesh",Badaun,Ujhani,Apple,Apple,Medium,19/05/2025,10000,10050,10020
"Uttar Pradesh",Badaun,Ujhani,Potato,Local,Non-FAQ,19/05/2025,1000,1050,1020
"Uttar Pradesh",Bahraich,Naanpara,Ginger(Green),"Green Ginger",FAQ,19/05/2025,2000,2200,2100
"Uttar Pradesh",Bahraich,Naanpara,"Masur Dal","Masoor Gola",FAQ,19/05/2025,6000,7000,6500
"Uttar Pradesh",Bahraich,Naanpara,"Mousambi(Sweet Lime)",Mousambi,Medium,19/05/2025,2400,2600,2500
"Uttar Pradesh",Balrampur,Balrampur,"Bitter gourd","Bitter Gourd",FAQ,19/05/2025,1300,1500,1400
"Uttar Pradesh",Balrampur,Balrampur,"Bottle gourd","Bottle Gourd",FAQ,19/05/2025,700,900,800
"Uttar Pradesh",Balrampur,Balrampur,Lemon,Lemon,FAQ,19/05/2025,7500,7700,7600
"Uttar Pradesh",Balrampur,Balrampur,Pumpkin,Pumpkin,FAQ,19/05/2025,700,940,825
"Uttar Pradesh",Balrampur,Panchpedwa,Onion,Red,FAQ,19/05/2025,1600,2000,1800
"Uttar Pradesh",Balrampur,Tulsipur,Pumpkin,Pumpkin,FAQ,19/05/2025,900,950,925
"Uttar Pradesh",Bareilly,Anwala,Cucumbar(Kheera),Cucumbar,FAQ,19/05/2025,500,700,600
"Uttar Pradesh",Bijnor,Bijnaur,Tomato,Hybrid,FAQ,19/05/2025,800,900,830
"Uttar Pradesh",Bijnor,Kiratpur,Apple,Apple,Medium,19/05/2025,6600,6700,6650
"Uttar Pradesh",Bijnor,Kiratpur,Potato,Potato,Non-FAQ,19/05/2025,800,900,850
"Uttar Pradesh",Bulandshahar,Gulavati,"Bitter gourd","Bitter Gourd",FAQ,19/05/2025,1500,1700,1600
"Uttar Pradesh",Bulandshahar,Gulavati,Cucumbar(Kheera),Cucumbar,FAQ,19/05/2025,1300,1500,1400
"Uttar Pradesh",Bulandshahar,Gulavati,Onion,Red,FAQ,19/05/2025,1500,1700,1600
"Uttar Pradesh",Etah,Awagarh,Onion,Red,Non-FAQ,19/05/2025,1200,1500,1300
"Uttar Pradesh",Etah,Awagarh,Tomato,Hybrid,Non-FAQ,19/05/2025,600,700,650
"Uttar Pradesh",Etah,Awagarh,Wheat,Dara,FAQ,19/05/2025,2430,2450,2440
"Uttar Pradesh",Fatehpur,Kishunpur,Wheat,Dara,FAQ,19/05/2025,2400,2500,2450
"Uttar Pradesh",Firozabad,Sirsaganj,Potato,Potato,FAQ,19/05/2025,1000,1200,1100
"Uttar Pradesh",Hamirpur,Kurara,Paddy(Dhan)(Common),1001,FAQ,19/05/2025,2400,2500,2450
"Uttar Pradesh",Hathras,Shadabad,Potato,Desi,FAQ,19/05/2025,800,900,850
"Uttar Pradesh","Jalaun (Orai)",Kadaura,Firewood,Firewood,FAQ,19/05/2025,430,430,430
"Uttar Pradesh","Jalaun (Orai)",Kadaura,Peas(Dry),Other,FAQ,19/05/2025,3300,3400,3400
"Uttar Pradesh",Kaushambi,Manjhanpur,Tomato,Deshi,FAQ,19/05/2025,700,850,760
"Uttar Pradesh","Khiri (Lakhimpur)",Maigalganj,Tomato,Local,FAQ,19/05/2025,1500,1580,1540
"Uttar Pradesh","Khiri (Lakhimpur)",Maigalganj,Wheat,Dara,FAQ,19/05/2025,2400,2500,2450
"Uttar Pradesh",Lalitpur,Mehrauni,Peas(Dry),Other,FAQ,19/05/2025,3000,3300,3200
"Uttar Pradesh",Maharajganj,Anandnagar,Onion,Red,FAQ,19/05/2025,1200,1400,1300
"Uttar Pradesh",Maharajganj,Anandnagar,Papaya,Papaya,Medium,19/05/2025,2200,2400,2300
"Uttar Pradesh",Maharajganj,Anandnagar,Potato,Red,FAQ,19/05/2025,1000,1400,1200
"Uttar Pradesh",Maharajganj,Anandnagar,Rice,III,FAQ,19/05/2025,2600,3200,2800
"Uttar Pradesh",Mahoba,Charkhari,"Lentil (Masur)(Whole)","Kala Masoor New",FAQ,19/05/2025,6000,6100,6000
"Uttar Pradesh",Mainpuri,Ghiraur,Banana,"Banana - Ripe",Medium,19/05/2025,2435,2635,2535
"Uttar Pradesh",Mainpuri,Ghiraur,"Bottle gourd","Bottle Gourd",FAQ,19/05/2025,875,1075,975
"Uttar Pradesh",Mainpuri,Ghiraur,Brinjal,Round/Long,FAQ,19/05/2025,1270,1470,1370
"Uttar Pradesh",Mainpuri,Ghiraur,Potato,Local,FAQ,19/05/2025,1085,1285,1185
"Uttar Pradesh",Mainpuri,Ghiraur,Wheat,Dara,FAQ,19/05/2025,2400,2580,2480
"Uttar Pradesh",Mau(Maunathbhanjan),Doharighat,"Green Chilli","Green Chilly",FAQ,19/05/2025,3900,4000,3965
"Uttar Pradesh",Mau(Maunathbhanjan),Kopaganj,"Bitter gourd","Bitter Gourd",FAQ,19/05/2025,800,1000,900
"Uttar Pradesh",Mau(Maunathbhanjan),Kopaganj,Cauliflower,Cauliflower,FAQ,19/05/2025,800,1000,900
"Uttar Pradesh",Pillibhit,Pilibhit,Cabbage,Cabbage,FAQ,19/05/2025,1138,1218,1178
"Uttar Pradesh",Prayagraj,Jasra,"Bottle gourd","Bottle Gourd",FAQ,19/05/2025,760,885,820
"Uttar Pradesh",Rampur,Tanda(Rampur),Cucumbar(Kheera),Cucumbar,FAQ,19/05/2025,1000,1040,1020
"Uttar Pradesh",Rampur,Vilaspur,Banana,"Banana - Ripe",Medium,19/05/2025,1900,2300,2100
"Uttar Pradesh",Rampur,Vilaspur,"Karbuja(Musk Melon)",Karbhuja,Medium,19/05/2025,1500,2100,1800
"Uttar Pradesh","Sant Kabir Nagar",Khalilabad,"Pointed gourd (Parval)","Pointed gourd (Parval)",FAQ,19/05/2025,2000,2200,2100
"Uttar Pradesh","Sant Kabir Nagar",Khalilabad,Potato,Desi,FAQ,19/05/2025,800,1000,900
"Uttar Pradesh",Shamli,Kairana,Lemon,Lemon,FAQ,19/05/2025,5700,5800,5750
"Uttar Pradesh",Sitapur,"Hargaon (Laharpur)",Firewood,Other,FAQ,19/05/2025,300,340,320
"Uttar Pradesh",Sitapur,Sitapur,Papaya,Papaya,Medium,19/05/2025,2600,2900,2735
"Uttar Pradesh",Sitapur,Sitapur,Pomegranate,Pomogranate,Medium,19/05/2025,7700,8500,8200
"Uttar Pradesh",Sitapur,Sitapur,Potato,Desi,FAQ,19/05/2025,1000,1300,1200
Uttrakhand,Dehradoon,Rishikesh,"Bitter gourd",Other,FAQ,19/05/2025,1500,1750,1600
Uttrakhand,Dehradoon,Rishikesh,Cabbage,Other,FAQ,19/05/2025,500,600,550
Uttrakhand,Dehradoon,Rishikesh,Lime,Lime,Medium,19/05/2025,8500,12000,9500
Uttrakhand,Dehradoon,Rishikesh,"Pointed gourd (Parval)",Other,FAQ,19/05/2025,2200,2750,2500
Uttrakhand,Dehradoon,Rishikesh,Ridgeguard(Tori),Ridgeguard(Tori),FAQ,19/05/2025,1250,1600,1450
Uttrakhand,Dehradoon,Vikasnagar,"Bhindi(Ladies Finger)",Other,FAQ,19/05/2025,800,1000,1000
Uttrakhand,Dehradoon,Vikasnagar,Brinjal,Other,FAQ,19/05/2025,400,600,600
Uttrakhand,Dehradoon,Vikasnagar,Carrot,Other,FAQ,19/05/2025,500,800,800
Uttrakhand,Haridwar,"Haridwar Union",Cucumbar(Kheera),Cucumbar,FAQ,19/05/2025,500,800,600
Uttrakhand,Haridwar,"Haridwar Union",Mango,Safeda,Medium,19/05/2025,2500,3500,3000
Uttrakhand,Haridwar,Manglaur,Papaya,Other,Medium,19/05/2025,1200,1400,1300
Uttrakhand,Haridwar,Manglaur,"Water Melon",Other,Medium,19/05/2025,500,700,600
Uttrakhand,Haridwar,Roorkee,Banana,Other,Large,19/05/2025,800,1200,1000
Uttrakhand,Haridwar,Roorkee,Beans,"Beans (Whole)",FAQ,19/05/2025,400,600,500
Uttrakhand,Haridwar,Roorkee,"Bitter gourd",Other,FAQ,19/05/2025,500,700,600
Uttrakhand,Nanital,Ramnagar,Banana,Other,Medium,19/05/2025,2100,2500,2300
Uttrakhand,Nanital,Ramnagar,"Bitter gourd",Other,FAQ,19/05/2025,2600,3000,2800
Uttrakhand,Nanital,Ramnagar,Cucumbar(Kheera),Other,FAQ,19/05/2025,2300,2500,2400
Uttrakhand,UdhamSinghNagar,Bazpur,Rice,Common,FAQ,19/05/2025,3190,3940,3632
"West Bengal",Bankura,"Indus(Bankura Sadar)",Brinjal,Round/Long,FAQ,19/05/2025,3200,3500,3400
"West Bengal",Bankura,"Indus(Bankura Sadar)","Sweet Pumpkin","Sweet Pumpkin",FAQ,19/05/2025,1300,1450,1400
"West Bengal",Hooghly,Sheoraphuly,"Bhindi(Ladies Finger)",Bhindi,FAQ,19/05/2025,1600,1800,1700
"West Bengal",Hooghly,Sheoraphuly,"Green Chilli",Other,FAQ,19/05/2025,4000,4400,4200
"West Bengal",Jalpaiguri,Belacoba,"Bitter gourd",Other,FAQ,19/05/2025,900,1000,950
"West Bengal",Jhargram,Jhargram,Fish,Rahu(Andhra),FAQ,19/05/2025,17400,18000,17800
"West Bengal",Jhargram,Jhargram,"Mustard Oil","Mustard Oil",FAQ,19/05/2025,15400,15800,15600
"West Bengal",Jhargram,Jhargram,Rice,Fine,FAQ,19/05/2025,4200,4600,4400
"West Bengal",Jhargram,Jhargram,Rice,"Super Fine",FAQ,19/05/2025,4800,5200,5000
"West Bengal",Malda,"English Bazar","Green Gram Dal (Moong Dal)","Green Gram Dal",FAQ,19/05/2025,10000,11000,10500
"West Bengal",Malda,"English Bazar","Lentil (Masur)(Whole)","Masur Dal",FAQ,19/05/2025,8500,9500,9000
"West Bengal",Malda,"English Bazar",Onion,Other,FAQ,19/05/2025,1400,1600,1500
"West Bengal",Malda,Samsi,Potato,Local,FAQ,19/05/2025,1200,1220,1210
"West Bengal",Malda,Samsi,Rice,Fine,FAQ,19/05/2025,5100,5200,5150
"West Bengal",Medinipur(W),Ghatal,"Bitter gourd",Kareli,FAQ,19/05/2025,2200,2400,2300
"West Bengal",Medinipur(W),Ghatal,Cucumbar(Kheera),Cucumbar,FAQ,19/05/2025,2600,2800,2700
"West Bengal",Medinipur(W),Ghatal,Jute,TD-5,FAQ,19/05/2025,5500,5700,5600
"West Bengal",Murshidabad,Kandi,Paddy(Dhan)(Common),"I.R. 36",FAQ,19/05/2025,2300,2350,2320
"West Bengal",Puruliya,Balarampur,"Lentil (Masur)(Whole)","Masur Dal",FAQ,19/05/2025,9800,10800,10400
"West Bengal",Puruliya,Balarampur,Rice,Other,FAQ,19/05/2025,4100,4300,4200
"West Bengal",Puruliya,Balarampur,Tomato,Other,FAQ,19/05/2025,1200,1500,1400
"West Bengal","Sounth 24 Parganas",Baruipur(Canning),Guava,Other,Medium,19/05/2025,8100,8300,8200
"West Bengal","Uttar Dinajpur",Islampur,Potato,Local,FAQ,19/05/2025,1100,1200,1150
"West Bengal","Uttar Dinajpur",Raiganj,Wheat,Local,FAQ,19/05/2025,2500,2700,2600
"Andhra Pradesh","East Godavari",Ravulapelem,Banana,Desi(Bontha),Large,19/05/2025,1900,2300,2100
"Andhra Pradesh","East Godavari",Ravulapelem,Banana,Karpura,Large,19/05/2025,2800,3800,3500
Gujarat,Amreli,Damnagar,"Bhindi(Ladies Finger)",Bhindi,FAQ,19/05/2025,1200,2050,1850
Gujarat,Amreli,Damnagar,Cabbage,Cabbage,FAQ,19/05/2025,300,1050,750
Gujarat,Amreli,Damnagar,Cauliflower,Cauliflower,FAQ,19/05/2025,1500,2550,2050
Gujarat,Amreli,Savarkundla,"Bengal Gram(Gram)(Whole)","Desi (Whole)",FAQ,19/05/2025,5110,6165,6000
Gujarat,Amreli,Savarkundla,"Cummin Seed(Jeera)","Cummin Seed(Jeera)",FAQ,19/05/2025,18550,20805,19750
Gujarat,Amreli,Savarkundla,Jowar(Sorghum),"Jowar ( White)",FAQ,19/05/2025,2025,3700,3350
Gujarat,Amreli,Savarkundla,"Sesamum(Sesame,Gingelly,Til)",White,Non-FAQ,19/05/2025,8000,11300,10500
Gujarat,Banaskanth,Vadgam,"Bajra(Pearl Millet/Cumbu)",Other,FAQ,19/05/2025,2315,2315,2315
Gujarat,Banaskanth,Vadgam,"Castor Seed",Other,FAQ,19/05/2025,6000,6140,6140
Gujarat,Banaskanth,Vadgam,Wheat,"Lokwan Gujrat",FAQ,19/05/2025,2305,2305,2305
Gujarat,Bharuch,Jambusar,"Castor Seed",Other,FAQ,19/05/2025,5300,5700,5500
Gujarat,Bharuch,Jambusar,Wheat,Other,FAQ,19/05/2025,2800,3200,3000
Gujarat,Bharuch,Jambusar(Kaavi),Maize,Other,FAQ,19/05/2025,2000,2400,2200
Gujarat,Gandhinagar,"Mansa(Manas Veg Yard)","Bhindi(Ladies Finger)",Other,FAQ,19/05/2025,2500,3000,3000
Gujarat,Junagarh,Bhesan,Soyabean,Other,FAQ,19/05/2025,3000,4000,3500
Gujarat,Navsari,Bilimora,Brinjal,Other,FAQ,19/05/2025,1500,2250,1900
Gujarat,Navsari,Bilimora,Cauliflower,Other,FAQ,19/05/2025,3000,4000,3500
Gujarat,Rajkot,Dhoraji,"Bengal Gram(Gram)(Whole)","Desi (Whole)",Non-FAQ,19/05/2025,4880,5255,5155
Gujarat,Rajkot,Dhoraji,Groundnut,Local,Non-FAQ,19/05/2025,3805,5005,4955
Gujarat,Rajkot,Dhoraji,"Sesamum(Sesame,Gingelly,Til)",White,Non-FAQ,19/05/2025,5730,8430,7355
Gujarat,Rajkot,Dhoraji,Soyabean,Yellow,Non-FAQ,19/05/2025,3382,4080,4055
Gujarat,Rajkot,Dhoraji,Wheat,Lokwan,Non-FAQ,19/05/2025,2355,2550,2525
Gujarat,Rajkot,"Rajkot(Veg.Sub Yard)",Coriander(Leaves),Coriander,FAQ,19/05/2025,1000,2500,1750
Gujarat,Rajkot,"Rajkot(Veg.Sub Yard)",Ginger(Green),"Green Ginger",FAQ,19/05/2025,3000,4000,3500
Gujarat,Sabarkantha,Modasa,"Castor Seed","Castor seed",FAQ,19/05/2025,6005,6075,6075
Gujarat,Sabarkantha,Modasa,"Kabuli Chana(Chickpeas-White)",Other,FAQ,19/05/2025,9000,10065,10065
Gujarat,Sabarkantha,Modasa,Wheat,"Lokwan Gujrat",FAQ,19/05/2025,2425,2720,2720
Gujarat,Sabarkantha,Modasa(Tintoi),"Castor Seed","Castor seed",FAQ,19/05/2025,5900,5975,5975
Gujarat,Surat,Mahuva(Anaval),Mango,Keshar,Medium,19/05/2025,4750,5250,5000
Gujarat,Surat,Surat,Beetroot,Other,FAQ,19/05/2025,1300,1900,1600
Gujarat,Surat,Surat,"Cluster beans",Other,FAQ,19/05/2025,3500,7500,5500
Gujarat,Surat,Surat,"French Beans (Frasbean)",Other,FAQ,19/05/2025,8000,9000,8500
Gujarat,Surat,Surat,"Groundnut pods (raw)",Other,FAQ,19/05/2025,3000,4800,3900
Gujarat,Surat,Surat,"Little gourd (Kundru)",Other,FAQ,19/05/2025,2500,5000,3750
Gujarat,Surat,Surat,"Pegeon Pea (Arhar Fali)",Other,FAQ,19/05/2025,5000,12500,8750
Gujarat,Surat,Surat,Pumpkin,Other,FAQ,19/05/2025,700,1200,950
Gujarat,Surat,Surat,Tomato,Other,FAQ,19/05/2025,600,2000,1300
Gujarat,Surendranagar,Dhragradhra,Ajwan,Ajwan,FAQ,19/05/2025,6330,6330,6330
Gujarat,Surendranagar,Dhragradhra,"Guar Seed(Cluster Beans Seed)",Whole,FAQ,19/05/2025,3995,4555,4400
Gujarat,Surendranagar,Dhragradhra,Mustard,Mustard,FAQ,19/05/2025,5040,5160,5125
Gujarat,Surendranagar,Dhragradhra,Mustard,Sarson(Black),FAQ,19/05/2025,5890,5890,5890
Gujarat,Surendranagar,Vadhvan,Amaranthus,Amaranthus,FAQ,19/05/2025,1500,2000,1750
Gujarat,Surendranagar,Vadhvan,"Banana - Green","Banana - Green",FAQ,19/05/2025,1000,1500,1250
Gujarat,Surendranagar,Vadhvan,"Bitter gourd","Bitter Gourd",FAQ,19/05/2025,3500,4000,3750
Gujarat,Surendranagar,Vadhvan,Brinjal,Brinjal,FAQ,19/05/2025,2500,3500,3000
Gujarat,Surendranagar,Vadhvan,Garlic,Garlic,FAQ,19/05/2025,10000,10500,10250
Gujarat,Surendranagar,Vadhvan,"Mango (Raw-Ripe)","Mango - Raw-Ripe",FAQ,19/05/2025,1500,2000,1750
Gujarat,Surendranagar,Vadhvan,"Peas Wet","Peas Wet",FAQ,19/05/2025,8500,9000,8750
Gujarat,Vadodara(Baroda),Padra,"Bitter gourd",Other,FAQ,19/05/2025,3000,3500,3250
Gujarat,Vadodara(Baroda),Padra,Cowpea(Veg),Other,FAQ,19/05/2025,3500,4000,3750
Gujarat,Vadodara(Baroda),Padra,"Green Chilli","Green Chilly",FAQ,19/05/2025,1500,3000,2250
Haryana,Fatehabad,Fatehabad,Chikoos(Sapota),Other,Large,19/05/2025,2000,2000,2000
Haryana,Gurgaon,Gurgaon,Cauliflower,Other,FAQ,19/05/2025,1000,2000,1500
Haryana,Gurgaon,Gurgaon,Mango,Other,Large,19/05/2025,3000,5000,4000
Haryana,Gurgaon,Gurgaon,Potato,Other,FAQ,19/05/2025,800,1000,900
Haryana,Gurgaon,Gurgaon,Potato,Other,Non-FAQ,19/05/2025,700,900,800
Haryana,Gurgaon,Gurgaon,Tomato,Other,FAQ,19/05/2025,1000,1200,1100
Haryana,Gurgaon,Gurgaon,"Water Melon",Other,Large,19/05/2025,800,1000,900
Haryana,Hissar,Barwala(Hisar),"Karbuja(Musk Melon)",Other,Medium,19/05/2025,1250,1300,1300
Haryana,Hissar,Barwala(Hisar),Potato,Other,FAQ,19/05/2025,800,1000,900
Haryana,Hissar,Hansi,Spinach,Other,FAQ,19/05/2025,1000,1500,1300
Haryana,Kaithal,Dhand,Tomato,Deshi,FAQ,19/05/2025,1000,1100,1080
Haryana,Kurukshetra,Pehowa,Potato,Other,FAQ,19/05/2025,500,800,600
Haryana,Kurukshetra,Pipli,Onion,Local,FAQ,19/05/2025,305,955,820
Haryana,Mahendragarh-Narnaul,Narnaul,Cabbage,Cabbage,FAQ,19/05/2025,1000,1000,1000
Haryana,Mahendragarh-Narnaul,Narnaul,Cauliflower,Cauliflower,FAQ,19/05/2025,2000,2000,2000
Haryana,Mahendragarh-Narnaul,Narnaul,Onion,Onion,FAQ,19/05/2025,800,1000,1000
Haryana,Mahendragarh-Narnaul,Narnaul,"Pointed gourd (Parval)","Pointed gourd (Parval)",FAQ,19/05/2025,2000,2000,2000
Haryana,Mahendragarh-Narnaul,Narnaul,Potato,Potato,FAQ,19/05/2025,1200,1200,1200
Haryana,Mahendragarh-Narnaul,Narnaul,"Tender Coconut","Tender Coconut",Medium,19/05/2025,5000,5000,5000
Haryana,Mahendragarh-Narnaul,Narnaul,Tinda,Tinda,FAQ,19/05/2025,2000,3000,2500
Haryana,Mahendragarh-Narnaul,Narnaul,Tomato,Tomato,FAQ,19/05/2025,500,1000,600
Haryana,Mewat,FerozpurZirkha(Nagina),Banana,Other,Small,19/05/2025,2000,2400,2200
Haryana,Mewat,FerozpurZirkha(Nagina),Mango,Other,Small,19/05/2025,4000,5000,4500
Haryana,Mewat,Punhana,Tomato,Other,FAQ,19/05/2025,800,800,800
Haryana,Mewat,Tauru,Banana,Other,Medium,19/05/2025,2000,2000,2000
Haryana,Mewat,Tauru,"Green Chilli","Green Chilly",FAQ,19/05/2025,2000,2000,2000
Haryana,Rohtak,Meham,"Bhindi(Ladies Finger)",Bhindi,FAQ,19/05/2025,2000,2000,2000
Haryana,Rohtak,Meham,Potato,Other,FAQ,19/05/2025,700,800,750
Haryana,Sonipat,Ganaur,Cabbage,Cabbage,FAQ,19/05/2025,800,1000,1000
Haryana,Sonipat,Ganaur,Capsicum,Capsicum,FAQ,19/05/2025,2000,2500,2200
Haryana,Sonipat,Ganaur,Coriander(Leaves),Coriander,FAQ,19/05/2025,2400,2500,2400
Haryana,Sonipat,Ganaur,Cucumbar(Kheera),Cucumbar,FAQ,19/05/2025,1400,1500,1400
Haryana,Sonipat,Ganaur,Ginger(Green),"Green Ginger",FAQ,19/05/2025,6500,7000,6800
Haryana,Sonipat,Ganaur,Pumpkin,Pumpkin,FAQ,19/05/2025,800,1000,1000
Haryana,Sonipat,Gohana,Brinjal,Other,FAQ,19/05/2025,1500,2500,2000
Haryana,Sonipat,Gohana,"Green Chilli",Other,FAQ,19/05/2025,2000,4000,3000
Haryana,Sonipat,Gohana,"Water Melon",Other,Large,19/05/2025,800,1500,1000
Haryana,"Yamuna Nagar",Radaur,Banana,Other,Medium,19/05/2025,2800,3200,3000
Haryana,"Yamuna Nagar",Radaur,Lemon,Other,FAQ,19/05/2025,4000,5000,4500
Haryana,"Yamuna Nagar",Radaur,"Mousambi(Sweet Lime)",Other,Medium,19/05/2025,3000,3200,3100
Haryana,"Yamuna Nagar",Radaur,"Water Melon",Other,Medium,19/05/2025,500,700,600
Haryana,"Yamuna Nagar",Sadhaura,Apple,Other,Medium,19/05/2025,12000,12000,12000
Haryana,"Yamuna Nagar",Sadhaura,"Bottle gourd","Bottle Gourd",FAQ,19/05/2025,350,450,400
"Himachal Pradesh",Chamba,Chamba,"Bitter gourd",Other,FAQ,19/05/2025,3000,3500,3250
"Himachal Pradesh",Chamba,Chamba,"Bottle gourd",Other,FAQ,19/05/2025,1600,1800,1700
"Himachal Pradesh",Chamba,Chamba,Brinjal,Other,FAQ,19/05/2025,2000,2200,2100
"Himachal Pradesh",Chamba,Chamba,Cabbage,Other,FAQ,19/05/2025,1200,1400,1300
"Himachal Pradesh",Chamba,Chamba,Lemon,Lemon,FAQ,19/05/2025,12000,14000,13000
"Himachal Pradesh",Chamba,Chamba,"Water Melon",Other,Medium,19/05/2025,1800,2000,1900
"Himachal Pradesh",Hamirpur,Hamirpur,"Bhindi(Ladies Finger)",Other,FAQ,19/05/2025,3000,3500,3200
"Himachal Pradesh",Hamirpur,Hamirpur,Capsicum,Other,FAQ,19/05/2025,3000,3200,3100
"Himachal Pradesh",Hamirpur,Hamirpur,"Green Chilli",Other,FAQ,19/05/2025,4000,5000,4500
"Himachal Pradesh",Hamirpur,Hamirpur,"Mousambi(Sweet Lime)",Other,Medium,19/05/2025,7000,7000,7000
"Himachal Pradesh",Kangra,Dharamshala,Capsicum,Other,FAQ,19/05/2025,2800,3000,2900
"Himachal Pradesh",Kangra,Dharamshala,Tomato,Other,FAQ,19/05/2025,1200,1400,1300
"Himachal Pradesh",Kangra,Kangra,Apple,Other,Medium,19/05/2025,15000,20000,17000
"Himachal Pradesh",Kangra,Kangra,Cabbage,Other,FAQ,19/05/2025,1000,1200,1100
"Himachal Pradesh",Kangra,Kangra,Capsicum,Other,FAQ,19/05/2025,2500,3000,2700
"Himachal Pradesh",Kangra,Kangra,Garlic,Average,FAQ,19/05/2025,8000,9000,8500
"Himachal Pradesh",Kangra,Kangra,Ginger(Green),Other,FAQ,19/05/2025,5500,6000,5700
"Himachal Pradesh",Kangra,Kangra,Guava,Other,Medium,19/05/2025,10000,11000,10000
"Himachal Pradesh",Kangra,Kangra,"Mousambi(Sweet Lime)",Other,Medium,19/05/2025,5000,6000,5500
"Himachal Pradesh",Kangra,Kangra,Pineapple,Other,Medium,19/05/2025,4000,5000,4500
"Himachal Pradesh",Kangra,Kangra,Potato,Other,FAQ,19/05/2025,1200,1600,1400
"Himachal Pradesh",Kangra,Kangra,Pumpkin,Other,FAQ,19/05/2025,1000,1500,1200
"Himachal Pradesh",Kangra,Kangra,Raddish,Other,FAQ,19/05/2025,4000,5000,4500
"Himachal Pradesh",Kangra,Kangra(Baijnath),"Green Chilli","Green Chilly",FAQ,19/05/2025,3000,3500,3300
"Himachal Pradesh",Kangra,Kangra(Baijnath),Mango,Dusheri,Medium,19/05/2025,7000,7500,7200
"Himachal Pradesh",Kangra,Kangra(Baijnath),Papaya,Other,Medium,19/05/2025,3500,3700,3600
"Himachal Pradesh",Kangra,Kangra(Baijnath),Pomegranate,Other,Medium,19/05/2025,11500,13000,12300
"Himachal Pradesh",Kangra,Kangra(Baijnath),Spinach,Other,FAQ,19/05/2025,2500,3000,2700
"Himachal Pradesh",Kangra,Kangra(Jaisinghpur),Brinjal,Brinjal,FAQ,19/05/2025,2000,2200,2100
"Himachal Pradesh",Kangra,Kangra(Jaisinghpur),Cauliflower,Cauliflower,FAQ,19/05/2025,4800,5200,5000
"Himachal Pradesh",Kangra,Kangra(Jaisinghpur),Coriander(Leaves),Coriander,FAQ,19/05/2025,4000,4200,4100
"Himachal Pradesh",Kangra,Kangra(Jaisinghpur),Ginger(Green),"Green Ginger",FAQ,19/05/2025,6500,7500,7000
"Himachal Pradesh",Kangra,Kangra(Jaisinghpur),Lemon,Lemon,FAQ,19/05/2025,8500,9500,9000
"Himachal Pradesh",Kangra,Kangra(Jaisinghpur),Onion,"1st Sort",FAQ,19/05/2025,1800,1900,1850
"Himachal Pradesh",Kangra,Kangra(Jaisinghpur),Papaya,Other,Medium,19/05/2025,4200,4600,4400
"Himachal Pradesh",Kangra,Kangra(Jaisinghpur),Tomato,Tomato,FAQ,19/05/2025,1500,1800,1700
"Himachal Pradesh",Kangra,"Kangra(Nagrota Bagwan)",Banana,Amruthapani,Medium,19/05/2025,4000,4500,4200
"Himachal Pradesh",Kangra,"Kangra(Nagrota Bagwan)","Bitter gourd","Bitter Gourd",FAQ,19/05/2025,1800,2500,2000
"Himachal Pradesh",Kangra,"Kangra(Nagrota Bagwan)","Bottle gourd","Bottle Gourd",FAQ,19/05/2025,1000,1500,1200
"Himachal Pradesh",Kangra,"Kangra(Nagrota Bagwan)",Carrot,Carrot,FAQ,19/05/2025,1600,2000,1800
"Himachal Pradesh",Kangra,"Kangra(Nagrota Bagwan)",Ginger(Green),"Green Ginger",FAQ,19/05/2025,5500,6000,5700
"Himachal Pradesh",Kangra,"Kangra(Nagrota Bagwan)",Guava,Guava,Medium,19/05/2025,9000,10000,9500
"Himachal Pradesh",Kangra,"Kangra(Nagrota Bagwan)",Mango,Other,Medium,19/05/2025,4500,7500,5500
"Himachal Pradesh",Kangra,"Kangra(Nagrota Bagwan)",Papaya,Other,Medium,19/05/2025,3000,3500,3200
"Himachal Pradesh",Kangra,"Kangra(Nagrota Bagwan)",Potato,Other,FAQ,19/05/2025,1000,1500,1200
"Himachal Pradesh",Kangra,Palampur,Apple,Apple,Medium,19/05/2025,14000,16000,15500
"Himachal Pradesh",Kangra,Palampur,Beetroot,Beetroot,FAQ,19/05/2025,3500,4000,3800
"Himachal Pradesh",Kangra,Palampur,"Bitter gourd",Other,FAQ,19/05/2025,3000,3200,3100
"Himachal Pradesh",Kangra,Palampur,"Bottle gourd","Bottle Gourd",FAQ,19/05/2025,1700,1800,1750
"Himachal Pradesh",Kangra,Palampur,Cucumbar(Kheera),Other,FAQ,19/05/2025,1400,1500,1450
"Himachal Pradesh",Kangra,Palampur,"Green Chilli","Green Chilly",FAQ,19/05/2025,2800,3000,2900
"Himachal Pradesh",Kangra,Palampur,Mango,Safeda,Medium,19/05/2025,6500,7000,6800
"Himachal Pradesh",Kangra,Palampur,Mango,Totapuri,Medium,19/05/2025,5000,6000,5800
"Himachal Pradesh",Kangra,Palampur,Pineapple,Other,Medium,19/05/2025,4500,5000,4800
"Himachal Pradesh",Kangra,Palampur,Tinda,Tinda,FAQ,19/05/2025,2700,3000,2800
"Himachal Pradesh",Kangra,Palampur,"Water Melon",Other,Medium,19/05/2025,1400,1500,1450
"Himachal Pradesh",Kullu,"Kullu(Chauri Bihal)",Cherry,Other,Medium,19/05/2025,4000,8500,7000
"Himachal Pradesh",Kullu,"Kullu(Chauri Bihal)","Peas Wet",Other,FAQ,19/05/2025,4000,6000,5000
"Himachal Pradesh",Solan,Solan(Nalagarh),"Bitter gourd",Other,FAQ,19/05/2025,2500,3000,2800
"Himachal Pradesh",Solan,Solan(Nalagarh),Cucumbar(Kheera),Other,FAQ,19/05/2025,1300,1600,1500
"Himachal Pradesh",Solan,Solan(Nalagarh),"Green Chilli",Other,FAQ,19/05/2025,2200,2600,2400
"Himachal Pradesh",Solan,Solan(Nalagarh),"Karbuja(Musk Melon)",Karbhuja,Medium,19/05/2025,1400,1800,1600
"Himachal Pradesh",Solan,Solan(Nalagarh),Onion,Other,FAQ,19/05/2025,1400,1800,1600
"Himachal Pradesh",Solan,Solan(Nalagarh),Potato,Other,FAQ,19/05/2025,1100,1300,1200
"Jammu and Kashmir",Kathua,Kathua,Coriander(Leaves),Coriander,FAQ,19/05/2025,2000,2500,2250
"Jammu and Kashmir",Kathua,Kathua,"Green Chilli",Other,FAQ,19/05/2025,1800,2000,1900
"Jammu and Kashmir",Kathua,Kathua,"Indian Beans (Seam)",Other,FAQ,19/05/2025,8000,9000,8500
"Jammu and Kashmir",Kathua,Kathua,"Karbuja(Musk Melon)",Other,Medium,19/05/2025,1000,1200,1100
"Jammu and Kashmir",Kathua,Kathua,Lemon,Other,FAQ,19/05/2025,8000,9000,8500
"Jammu and Kashmir",Kathua,Kathua,Mango,Totapuri,Medium,19/05/2025,4000,4500,4250
"Jammu and Kashmir",Kathua,Kathua,Raddish,Other,FAQ,19/05/2025,1500,2000,1750
"Jammu and Kashmir",Rajouri,"Rajouri (F&V)",Banana,Other,Medium,19/05/2025,6000,6200,6100
"Jammu and Kashmir",Rajouri,"Rajouri (F&V)","Bottle gourd",Other,FAQ,19/05/2025,1500,1700,1600
"Jammu and Kashmir",Rajouri,"Rajouri (F&V)",Brinjal,Other,FAQ,19/05/2025,2500,2700,2600
"Jammu and Kashmir",Rajouri,"Rajouri (F&V)","Mousambi(Sweet Lime)",Mousambi,Medium,19/05/2025,3500,3700,3600
Kerala,Alappuzha,Chengannur,"Bottle gourd",Other,FAQ,19/05/2025,1400,1700,1500
Kerala,Alappuzha,Chengannur,Capsicum,Other,FAQ,19/05/2025,0,0,7000
Kerala,Alappuzha,Chengannur,Cowpea(Veg),"Cowpea (Veg)",FAQ,19/05/2025,3400,3700,3500
Kerala,Alappuzha,Chengannur,Snakeguard,Other,FAQ,19/05/2025,2900,3200,3000
Kerala,Alappuzha,Cherthala,"Bitter gourd",Other,FAQ,19/05/2025,4800,5000,4900
Kerala,Alappuzha,Cherthala,Cauliflower,Cauliflower,FAQ,19/05/2025,3500,3700,3600
Kerala,Alappuzha,Cherthala,Cucumbar(Kheera),Cucumbar,FAQ,19/05/2025,2500,2700,2600
Kerala,Alappuzha,Cherthala,"Long Melon(Kakri)",Other,FAQ,19/05/2025,5000,5200,5100
Kerala,Alappuzha,Cherthala,Onion,Big,FAQ,19/05/2025,2500,2700,2600
Kerala,Alappuzha,Harippad,Capsicum,Other,FAQ,19/05/2025,7000,7600,7000
Kerala,Alappuzha,Harippad,Ginger(Green),Other,FAQ,19/05/2025,5000,5500,5000
Kerala,Alappuzha,Mannar,Amphophalus,Other,FAQ,19/05/2025,2000,2200,2100
Kerala,Alappuzha,Mannar,"Bhindi(Ladies Finger)",Other,FAQ,19/05/2025,3100,3300,3200
Kerala,Alappuzha,Mannar,Cabbage,Other,FAQ,19/05/2025,3000,3200,3100
Kerala,Alappuzha,Mannar,Cucumbar(Kheera),Cucumbar,FAQ,19/05/2025,2000,2200,2100
Kerala,Alappuzha,Mannar,Ginger(Green),Other,FAQ,19/05/2025,7000,7200,7100
Kerala,Alappuzha,Mannar,Onion,Big,FAQ,19/05/2025,2200,2400,2300
Kerala,Alappuzha,Mannar,Potato,Other,FAQ,19/05/2025,3500,3700,3600
Kerala,Alappuzha,Mannar,Tomato,Other,FAQ,19/05/2025,3500,3800,3600
Kerala,Ernakulam,Angamaly,Amaranthus,Amaranthus,FAQ,19/05/2025,2500,3500,3000
Kerala,Ernakulam,Angamaly,"Green Chilli","Green Chilly",FAQ,19/05/2025,3200,7000,5000
Kerala,Ernakulam,Angamaly,Pineapple,"Pine Apple",Large,19/05/2025,3600,6000,5000
Kerala,Ernakulam,Angamaly,Potato,Potato,FAQ,19/05/2025,3400,4000,3800
Kerala,Ernakulam,Ernakulam,Banana,"Nendra Bale",Large,19/05/2025,5100,5300,5200
Kerala,Ernakulam,Ernakulam,Tomato,Tomato,FAQ,19/05/2025,2600,2800,2700
Kerala,Ernakulam,"Kunnukara  VFPCK",Banana,"Nendra Bale",Large,19/05/2025,4300,4500,4400
Kerala,Ernakulam,"Malayattoor  VFPCK",Banana,Palayamthodan,Large,19/05/2025,0,0,2900
Kerala,Ernakulam,"Malayattoor  VFPCK",Banana,Poovan,Large,19/05/2025,0,0,5000
Kerala,Ernakulam,"North Paravur","Banana - Green","Banana - Green",FAQ,19/05/2025,5500,6500,6000
Kerala,Ernakulam,"North Paravur",Capsicum,Capsicum,FAQ,19/05/2025,5000,6000,5500
Kerala,Ernakulam,"North Paravur",Cauliflower,"African Sarson",FAQ,19/05/2025,3500,4000,3800
Kerala,Ernakulam,"North Paravur",Cowpea(Veg),"Cowpea (Veg)",FAQ,19/05/2025,2000,3000,2500
Kerala,Ernakulam,"North Paravur",Ridgeguard(Tori),Other,FAQ,19/05/2025,4500,5500,5000
Kerala,Ernakulam,Perumbavoor,"Black pepper",Garbled,FAQ,19/05/2025,67000,68000,67500
Kerala,Ernakulam,Perumbavoor,"Bottle gourd","Bottle Gourd",FAQ,19/05/2025,1400,2400,1800
Kerala,Ernakulam,Perumbavoor,Cabbage,Cabbage,FAQ,19/05/2025,1800,2800,2300
Kerala,Ernakulam,Perumbavoor,Cauliflower,Cauliflower,FAQ,19/05/2025,2500,3500,3000
Kerala,Ernakulam,Perumbavoor,"Coconut Seed","Coconut Seed",FAQ,19/05/2025,6000,7000,6500
Kerala,Ernakulam,Perumbavoor,"Field Pea","Field Pea",FAQ,19/05/2025,2000,3000,2500
Kerala,Ernakulam,Perumbavoor,Ginger(Dry),Dry,FAQ,19/05/2025,30000,31000,30500
Kerala,Ernakulam,Perumbavoor,"Little gourd (Kundru)",Other,FAQ,19/05/2025,2000,3000,2500
Kerala,Ernakulam,Perumbavoor,"Mango (Raw-Ripe)","Mango - Raw-Ripe",FAQ,19/05/2025,2000,3000,2500
Kerala,Ernakulam,Thrippunithura,"Banana - Green","Banana - Green",FAQ,19/05/2025,5000,7000,5200
Kerala,Ernakulam,Thrippunithura,"Cluster beans","Cluster Beans",FAQ,19/05/2025,4500,6000,4800
Kerala,Ernakulam,Thrippunithura,Pumpkin,Pumpkin,FAQ,19/05/2025,2200,4000,2400
Kerala,Ernakulam,Thrippunithura,Snakeguard,Snakeguard,FAQ,19/05/2025,4300,5000,4500
Kerala,Ernakulam,Thrippunithura,Tomato,Tomato,FAQ,19/05/2025,3500,4000,3700
Kerala,Idukki,Munnar,Papaya,Other,Medium,19/05/2025,3500,4000,4000
Kerala,Idukki,Munnar,Potato,Other,FAQ,19/05/2025,4000,6000,5000
Kerala,Idukki,Munnar,Pumpkin,Other,FAQ,19/05/2025,2000,3500,3000
Kerala,Idukki,Munnar,Tomato,Other,FAQ,19/05/2025,2500,3000,3000
Kerala,Kannur,Kannur,"Bhindi(Ladies Finger)",Bhindi,FAQ,19/05/2025,3200,3400,3300
Kerala,Kannur,Thalasserry,Carrot,Carrot,FAQ,19/05/2025,3400,3600,3500
Kerala,Kannur,Thalasserry,Onion,"1st Sort",FAQ,19/05/2025,1800,2100,2000
Kerala,Kottayam,Ettumanoor,Onion,Big,FAQ,19/05/2025,2100,2300,2200
Kerala,Kottayam,Ettumanoor,Potato,Potato,FAQ,19/05/2025,3200,3400,3300
Kerala,Kottayam,Ettumanoor,Snakeguard,Snakeguard,FAQ,19/05/2025,3700,4000,3800
Kerala,Kottayam,Pampady,"Banana - Green","Banana - Green",FAQ,19/05/2025,6000,7000,6500
Kerala,Kottayam,Pampady,"Bhindi(Ladies Finger)",Bhindi,FAQ,19/05/2025,3300,4500,4000
Kerala,Kottayam,Pampady,Cauliflower,Other,FAQ,19/05/2025,4000,5000,4500
Kerala,Kottayam,Pampady,Cowpea(Veg),Other,FAQ,19/05/2025,4500,5500,5000
Kerala,Kottayam,Pampady,Cucumbar(Kheera),Other,FAQ,19/05/2025,1500,2500,2000
Kerala,Kottayam,Pampady,Potato,Other,FAQ,19/05/2025,3300,4500,4000
Kerala,Kottayam,Pampady,Tomato,Other,FAQ,19/05/2025,2800,4000,3000
Kerala,Kozhikode(Calicut),Mukkom,Amaranthus,Amaranthus,FAQ,19/05/2025,2400,2800,2600
Kerala,Kozhikode(Calicut),Mukkom,"Banana - Green","Banana - Green",FAQ,19/05/2025,3500,4200,4000
Kerala,Kozhikode(Calicut),Mukkom,"Bitter gourd","Bitter Gourd",FAQ,19/05/2025,7000,7400,7200
Kerala,Kozhikode(Calicut),Mukkom,"Bottle gourd","Bottle Gourd",FAQ,19/05/2025,2400,2600,2500
Kerala,Kozhikode(Calicut),Mukkom,Brinjal,Brinjal,FAQ,19/05/2025,3000,3600,3400
Kerala,Kozhikode(Calicut),Mukkom,Tomato,Tomato,FAQ,19/05/2025,1800,2100,2000
Kerala,Kozhikode(Calicut),Palayam,Amphophalus,Other,FAQ,19/05/2025,6000,6000,6000
Kerala,Kozhikode(Calicut),Palayam,"Coconut Seed",Other,FAQ,19/05/2025,6800,6800,6800
Kerala,Kozhikode(Calicut),Palayam,"French Beans (Frasbean)",Other,FAQ,19/05/2025,6500,6500,6500
Kerala,Kozhikode(Calicut),Palayam,Onion,Other,FAQ,19/05/2025,1700,1700,1700
Kerala,Kozhikode(Calicut),Perambra,Amphophalus,Amphophalus,FAQ,19/05/2025,7200,8000,7500
Kerala,Kozhikode(Calicut),Perambra,Beetroot,Other,FAQ,19/05/2025,4500,5500,5000
Kerala,Kozhikode(Calicut),Perambra,Potato,Other,FAQ,19/05/2025,2500,2800,2700
Kerala,Kozhikode(Calicut),Quilandy,Amphophalus,Other,FAQ,19/05/2025,6300,6500,6400
Kerala,Kozhikode(Calicut),Quilandy,"Banana - Green",Other,FAQ,19/05/2025,4400,4500,4500
Kerala,Kozhikode(Calicut),Quilandy,"Green Chilli",Other,FAQ,19/05/2025,4200,4500,4400
Kerala,Kozhikode(Calicut),Quilandy,Onion,Other,FAQ,19/05/2025,2100,2200,2100
Kerala,Kozhikode(Calicut),Vengeri(Kozhikode),Cucumbar(Kheera),Cucumbar,FAQ,19/05/2025,2600,2900,2900
Kerala,Kozhikode(Calicut),Vengeri(Kozhikode),Pumpkin,Pumpkin,FAQ,19/05/2025,900,1200,1200
Kerala,Malappuram,Kottakkal,Banana,"Nendra Bale",Large,19/05/2025,5600,5800,5700
Kerala,Malappuram,Kottakkal,Beans,Other,FAQ,19/05/2025,8800,9000,8900
Kerala,Malappuram,Kottakkal,Brinjal,Other,FAQ,19/05/2025,1800,2000,1900
Kerala,Malappuram,Kottakkal,Capsicum,Other,FAQ,19/05/2025,4400,4600,4500
Kerala,Malappuram,Kottakkal,Drumstick,Other,FAQ,19/05/2025,7300,7500,7400
Kerala,Malappuram,Kottakkal,Guava,Banarasi,Large,19/05/2025,5600,5800,5700
Kerala,Malappuram,Kottakkal,"Water Melon",Other,Large,19/05/2025,1200,1400,1300
Kerala,Malappuram,Perinthalmanna,Banana,Other,Large,19/05/2025,5500,6400,6000
Kerala,Malappuram,Perinthalmanna,Cauliflower,Cauliflower,FAQ,19/05/2025,2500,3000,2800
Kerala,Malappuram,Perinthalmanna,"Green Chilli","Green Chilly",FAQ,19/05/2025,3500,4500,4000
Kerala,Palakad,Koduvayoor,Beetroot,Other,FAQ,19/05/2025,3500,3900,3700
Kerala,Palakad,Koduvayoor,Brinjal,Other,FAQ,19/05/2025,2400,2800,2600
Kerala,Palakad,Koduvayoor,"Cluster beans",Other,FAQ,19/05/2025,2800,3200,3000
Kerala,Palakad,Koduvayoor,"French Beans (Frasbean)",Other,FAQ,19/05/2025,8500,8900,8700
Kerala,Palakad,Koduvayoor,"Green Avare (W)",Other,FAQ,19/05/2025,6800,7200,7000
Kerala,Palakad,Koduvayoor,Lime,Other,Medium,19/05/2025,9000,9400,9200
Kerala,Palakad,Koduvayoor,Mango,Other,Medium,19/05/2025,1000,1800,1400
Kerala,Palakad,Koduvayoor,Snakeguard,Other,FAQ,19/05/2025,2600,3000,2800
Kerala,Palakad,Koduvayoor,Tomato,Other,FAQ,19/05/2025,2000,2400,2200
Kerala,Thirssur,Irinjalakkuda,Ashgourd,Other,FAQ,19/05/2025,2000,2000,2000
Kerala,Thirssur,Irinjalakkuda,Banana,Other,Large,19/05/2025,5500,5500,5500
Kerala,Thirssur,Thrissur,Amaranthus,Amaranthus,FAQ,19/05/2025,1800,1800,1800
Kerala,Thirssur,Thrissur,"Elephant Yam (Suran)",Other,FAQ,19/05/2025,5100,5100,5100
Kerala,Thirssur,Thrissur,Lemon,Other,FAQ,19/05/2025,10000,10000,10000
Kerala,Thirssur,Thrissur,"Mango (Raw-Ripe)","Mango - Raw-Ripe",FAQ,19/05/2025,3500,3500,3500
Kerala,Thirssur,Thrissur,Onion,Onion,FAQ,19/05/2025,2000,2000,2000
Kerala,Thirssur,Thrissur,Tomato,Tomato,FAQ,19/05/2025,1500,1500,1500
Kerala,Thiruvananthapuram,Parassala,"Bhindi(Ladies Finger)",Other,FAQ,19/05/2025,2800,3000,2800
Kerala,Thiruvananthapuram,Parassala,Drumstick,Drumstick,FAQ,19/05/2025,5800,6000,5800
Kerala,Thiruvananthapuram,Parassala,Tomato,Tomato,FAQ,19/05/2025,2800,3000,2800
Nagaland,Kohima,Kohima,Cabbage,Cabbage,FAQ,19/05/2025,4000,4200,4100
Nagaland,Kohima,Kohima,Potato,Potato,FAQ,19/05/2025,4000,4200,4100
Odisha,Balasore,Jaleswar,Garlic,Other,FAQ,19/05/2025,5800,6200,6000
Odisha,Balasore,Jaleswar,"Pointed gourd (Parval)",Other,FAQ,19/05/2025,2000,2400,2200
Odisha,Balasore,Nilagiri,Pumpkin,Other,FAQ,19/05/2025,700,800,750
Odisha,Balasore,Nilagiri,"Water Melon",Other,Medium,19/05/2025,1400,1500,1450
Odisha,Bargarh,Attabira,"Bhindi(Ladies Finger)",Bhindi,FAQ,19/05/2025,3500,4000,3500
Odisha,Bargarh,Attabira,"Bitter gourd","Bitter Gourd",FAQ,19/05/2025,3500,4000,3500
Odisha,Bargarh,Attabira,"Green Chilli",Other,FAQ,19/05/2025,5000,6000,5500
Odisha,Bargarh,Attabira,"Little gourd (Kundru)",Other,FAQ,19/05/2025,2500,3000,2500
Odisha,Bargarh,Attabira,Pumpkin,Other,FAQ,19/05/2025,1200,1300,1200
Odisha,Bargarh,Godabhaga,Paddy(Dhan)(Common),Other,FAQ,19/05/2025,2300,2320,2300
Odisha,Boudh,Boudh,"Banana - Green","Banana - Green",FAQ,19/05/2025,3500,4200,4000
Odisha,Boudh,Boudh,Tomato,Other,FAQ,19/05/2025,1800,2200,2000
Odisha,Boudh,Khunthabandha,Cauliflower,Other,FAQ,19/05/2025,2000,2800,2500
Odisha,Boudh,Khunthabandha,Tomato,Other,FAQ,19/05/2025,1200,1800,1500
Odisha,Dhenkanal,Hindol,"Bhindi(Ladies Finger)",Bhindi,FAQ,19/05/2025,2000,2500,2200
Odisha,Dhenkanal,Hindol,Onion,Other,Non-FAQ,19/05/2025,1500,2000,1800
Odisha,Dhenkanal,Kamakhyanagar,Onion,Onion,Non-FAQ,19/05/2025,1900,2100,2000
Odisha,Dhenkanal,Kamakhyanagar,Pumpkin,Pumpkin,FAQ,19/05/2025,1000,1200,1000
Odisha,Ganjam,Bhanjanagar,"Banana - Green","Banana - Green",FAQ,19/05/2025,2200,2400,2300
Odisha,Ganjam,Bhanjanagar,"Green Chilli","Green Chilly",FAQ,19/05/2025,3200,3400,3300
Odisha,Jagatsinghpur,Rahama,Brinjal,Other,FAQ,19/05/2025,3000,5000,4000
Odisha,Jagatsinghpur,Rahama,Fish,Other,FAQ,19/05/2025,12000,43000,18000
Odisha,Jagatsinghpur,Rahama,Pumpkin,Other,FAQ,19/05/2025,1500,3000,2000
Odisha,Jagatsinghpur,Rahama,Rice,Other,FAQ,19/05/2025,3200,6000,4000
Odisha,Mayurbhanja,Karanjia,Fish,Other,FAQ,19/05/2025,18000,19000,19000
Odisha,Mayurbhanja,Karanjia,Rice,Other,FAQ,19/05/2025,3400,3500,3500
Odisha,Nayagarh,Bahadajholla,Cauliflower,Other,FAQ,19/05/2025,2865,3000,2970
Odisha,Nayagarh,Bahadajholla,Cucumbar(Kheera),Cucumbar,FAQ,19/05/2025,3875,4000,4000
Odisha,Rayagada,Rayagada(Muniguda),Pumpkin,Other,FAQ,19/05/2025,2000,3000,2500
Odisha,Sundergarh,Panposh,"Bitter gourd",Other,FAQ,19/05/2025,3500,4000,3800
Odisha,Sundergarh,Panposh,"Bottle gourd",Other,FAQ,19/05/2025,2000,2400,2200
Odisha,Sundergarh,Panposh,Cucumbar(Kheera),Other,FAQ,19/05/2025,3000,3800,3400
Odisha,Sundergarh,Panposh,"Green Chilli",Other,FAQ,19/05/2025,4000,5000,4500
Odisha,Sundergarh,Sargipali,"Bitter gourd","Bitter Gourd",FAQ,19/05/2025,3000,3500,3200
Odisha,Sundergarh,Sargipali,Cucumbar(Kheera),Other,FAQ,19/05/2025,1800,2200,2000
Odisha,Sundergarh,Sargipali,"Green Chilli",Other,FAQ,19/05/2025,4800,5200,5000
Punjab,Amritsar,Rayya,Brinjal,Brinjal,FAQ,19/05/2025,900,900,900
Punjab,Amritsar,Rayya,Onion,Red,FAQ,19/05/2025,2000,2000,2000
Punjab,Fazilka,Fazilka,"Green Chilli",Other,FAQ,19/05/2025,1500,2500,2000
Punjab,Fazilka,Fazilka,Onion,Other,FAQ,19/05/2025,1000,1800,1500
Punjab,Gurdaspur,Kalanaur,"Bhindi(Ladies Finger)",Other,FAQ,19/05/2025,5000,5000,5000
Punjab,Gurdaspur,Kalanaur,Capsicum,Capsicum,FAQ,19/05/2025,5000,5000,5000
Punjab,Hoshiarpur,"Garh Shankar",Apple,Other,Medium,19/05/2025,8000,9000,8500
Punjab,Hoshiarpur,"Garh Shankar",Lemon,Other,FAQ,19/05/2025,4500,6000,5000
Punjab,Hoshiarpur,"Garh Shankar",Onion,Other,Non-FAQ,19/05/2025,900,1100,1000
Punjab,Hoshiarpur,"Garh Shankar",Pomegranate,Other,Medium,19/05/2025,4500,6000,5500
Punjab,Hoshiarpur,Mukerian(Talwara),Potato,Potato,FAQ,19/05/2025,800,1200,1000
Punjab,Hoshiarpur,"Tanda Urmur",Cabbage,Other,FAQ,19/05/2025,1000,1500,1200
Punjab,Hoshiarpur,"Tanda Urmur",Garlic,Other,FAQ,19/05/2025,8000,10000,9000
Punjab,Hoshiarpur,"Tanda Urmur",Tinda,Other,FAQ,19/05/2025,2500,3000,2800
Punjab,Jalandhar,Nakodar,"Bitter gourd",Other,FAQ,19/05/2025,1800,2200,2000
Punjab,Ludhiana,Doraha,Onion,Other,Non-FAQ,19/05/2025,1000,1800,1500
Punjab,Ludhiana,Khanna,Cauliflower,Other,FAQ,19/05/2025,2000,3000,2500
Punjab,Ludhiana,Khanna,Garlic,Other,FAQ,19/05/2025,3500,8000,5000
Punjab,Ludhiana,Khanna,Ginger(Green),Other,FAQ,19/05/2025,2000,4000,3000
Punjab,Ludhiana,Khanna,Onion,Other,FAQ,19/05/2025,800,1800,1200
Punjab,Ludhiana,Sahnewal,Cucumbar(Kheera),Cucumbar,FAQ,19/05/2025,800,1000,1000
Punjab,Moga,"Kot ise Khan",Cucumbar(Kheera),Other,FAQ,19/05/2025,500,700,600
Punjab,Moga,"Kot ise Khan",Potato,Other,FAQ,19/05/2025,1000,1200,1100
Punjab,Moga,"Kot ise Khan","Water Melon",Other,Medium,19/05/2025,800,1000,900
Punjab,Moga,"Nihal Singh Wala",Cucumbar(Kheera),Other,FAQ,19/05/2025,500,1500,1000
Punjab,Moga,"Nihal Singh Wala",Papaya,Other,Large,19/05/2025,2800,3200,3000
Punjab,Moga,"Nihal Singh Wala",Potato,Other,FAQ,19/05/2025,1000,1400,1200
Punjab,Nawanshahr,"Nawan Shahar(Subzi Mandi)","Bitter gourd",Other,FAQ,19/05/2025,1500,1800,1700
Punjab,Nawanshahr,"Nawan Shahar(Subzi Mandi)",Brinjal,Other,FAQ,19/05/2025,1500,1600,1530
Punjab,Nawanshahr,"Nawan Shahar(Subzi Mandi)",Cauliflower,Other,FAQ,19/05/2025,3500,4000,3700
Punjab,Nawanshahr,"Nawan Shahar(Subzi Mandi)",Coriander(Leaves),Other,FAQ,19/05/2025,3500,4000,3800
Punjab,Nawanshahr,"Nawan Shahar(Subzi Mandi)",Cucumbar(Kheera),Cucumbar,FAQ,19/05/2025,1600,1900,1700
Punjab,Nawanshahr,"Nawan Shahar(Subzi Mandi)",Peach,Other,Medium,19/05/2025,3700,4000,3800
Punjab,Pathankot,Pathankot,Capsicum,Capsicum,FAQ,19/05/2025,1600,1800,1800
Punjab,Pathankot,Pathankot,Cucumbar(Kheera),Cucumbar,FAQ,19/05/2025,600,800,800
Punjab,Pathankot,Pathankot,Grapes,Black,Medium,19/05/2025,7500,8000,8000
Punjab,Pathankot,Pathankot,"Karbuja(Musk Melon)",Other,Medium,19/05/2025,2000,2200,2200
Punjab,Pathankot,Pathankot,Lemon,Lemon,FAQ,19/05/2025,6800,7000,7000
Punjab,Pathankot,Pathankot,"Mousambi(Sweet Lime)",Mousambi,Medium,19/05/2025,5500,6000,6000
Punjab,"Ropar (Rupnagar)",Morinda,Banana,Medium,Medium,19/05/2025,2500,3000,2800
Punjab,"Ropar (Rupnagar)",Morinda,"Bitter gourd","Bitter Gourd",FAQ,19/05/2025,2000,2500,2300
Punjab,"Ropar (Rupnagar)",Morinda,Ginger(Green),"Green Ginger",FAQ,19/05/2025,5000,6000,5500
Punjab,"Ropar (Rupnagar)",Morinda,"Karbuja(Musk Melon)",Karbhuja,Medium,19/05/2025,1000,1000,1000
Punjab,"Ropar (Rupnagar)",Morinda,Mango,Dusheri,Medium,19/05/2025,8000,8000,8000
Punjab,"Ropar (Rupnagar)",Morinda,Pomegranate,Pomogranate,Medium,19/05/2025,10000,10000,10000
Punjab,"Ropar (Rupnagar)",Morinda,Potato,Potato,FAQ,19/05/2025,700,900,800
Punjab,"Ropar (Rupnagar)",Morinda,Pumpkin,Pumpkin,FAQ,19/05/2025,800,900,850
Punjab,Sangrur,Ahmedgarh,Cucumbar(Kheera),Other,FAQ,19/05/2025,1000,1200,1200
Punjab,Sangrur,Ahmedgarh,"Squash(Chappal Kadoo)",Other,FAQ,19/05/2025,700,800,800
Punjab,Tarntaran,Patti,Banana,Other,Medium,19/05/2025,3000,3500,3200
Punjab,Tarntaran,Patti,"Bhindi(Ladies Finger)",Other,FAQ,19/05/2025,1200,1600,1400
Punjab,Tarntaran,Patti,Brinjal,Other,FAQ,19/05/2025,500,580,530
Punjab,Tarntaran,Patti,Cucumbar(Kheera),Other,FAQ,19/05/2025,400,500,450
Punjab,Tarntaran,Patti,Onion,Other,FAQ,19/05/2025,1200,1600,1400
Punjab,Tarntaran,Patti,Tinda,Other,FAQ,19/05/2025,1200,1600,1400
Punjab,Tarntaran,Patti,Tomato,Other,FAQ,19/05/2025,1200,1600,1400
Rajasthan,Beawar,Beawar,"Kulthi(Horse Gram)",Other,FAQ,19/05/2025,5300,5350,5325
Rajasthan,Chittorgarh,Kapasan,Wheat,Lokwan,FAQ,19/05/2025,2400,2800,2600
Rajasthan,Deeg,Sikri,Mustard,"Big 100 Kg",Non-FAQ,19/05/2025,5780,6200,5990
Rajasthan,Ganganagar,"Sriganganagar (F&V)",Cauliflower,Other,FAQ,19/05/2025,700,900,800
Rajasthan,Ganganagar,"Sriganganagar (F&V)",Garlic,Garlic,FAQ,19/05/2025,8300,8700,8500
Rajasthan,Ganganagar,"Sriganganagar (F&V)",Lime,Other,Medium,19/05/2025,8800,9200,9000
Rajasthan,Ganganagar,"Sriganganagar (F&V)",Onion,Other,FAQ,19/05/2025,900,1300,1100
Rajasthan,Ganganagar,"Sriganganagar (F&V)","Sponge gourd","Sponge gourd",FAQ,19/05/2025,2000,2400,2200
Rajasthan,Ganganagar,Suratgarh,Guar,Other,FAQ,19/05/2025,4470,4470,4470
Rajasthan,Ganganagar,Suratgarh,Onion,"1st Sort",FAQ,19/05/2025,650,800,700
Rajasthan,Ganganagar,Suratgarh,Wheat,Other,FAQ,19/05/2025,2485,2545,2532
Rajasthan,Jaipur,"Jaipur (F&V)","Bhindi(Ladies Finger)",Other,FAQ,19/05/2025,1500,3000,2250
Rajasthan,Jaipur,"Jaipur (F&V)","Bottle gourd","Bottle Gourd",FAQ,19/05/2025,800,1000,900
Rajasthan,Jaipur,"Jaipur (F&V)","Cluster beans","Cluster Beans",FAQ,19/05/2025,3000,4000,3500
Rajasthan,Jaipur,"Jaipur (F&V)",Coriander(Leaves),Coriander,FAQ,19/05/2025,1000,1500,1250
Rajasthan,Jaipur,"Jaipur (F&V)",Cucumbar(Kheera),Cucumbar,FAQ,19/05/2025,1300,1400,1350
Rajasthan,Jaipur,"Jaipur (F&V)",Mango,Badami,Medium,19/05/2025,3000,5500,4250
Rajasthan,Jaipur,"Jaipur (F&V)","Mousambi(Sweet Lime)",Other,Medium,19/05/2025,2700,4500,3600
Rajasthan,Jaipur,"Jaipur (F&V)",Onion,Other,FAQ,19/05/2025,700,1400,1050
Rajasthan,Jaipur,"Jaipur (F&V)",Papaya,Other,Medium,19/05/2025,2000,4000,3000
Rajasthan,"Jaipur Rural",Bassi,"Bajra(Pearl Millet/Cumbu)",Other,Non-FAQ,19/05/2025,2210,2350,2280
Rajasthan,"Jaipur Rural",Bassi,Potato,Other,Non-FAQ,19/05/2025,1800,2000,1900
Rajasthan,Jodhpur,"Jodhpur (Grain)","Cummin Seed(Jeera)",Other,FAQ,19/05/2025,18800,21000,19900
Rajasthan,Jodhpur,"Jodhpur (Grain)","Dry Chillies",Other,FAQ,19/05/2025,12500,21000,16750
Rajasthan,Jodhpur,"Jodhpur (Grain)",Garlic,Average,FAQ,19/05/2025,5000,9000,7000
Rajasthan,Jodhpur,"Jodhpur (Grain)","Isabgul (Psyllium)",Other,FAQ,19/05/2025,9900,11500,10700
Rajasthan,Kota,Kota,"Black Gram (Urd Beans)(Whole)",Other,FAQ,19/05/2025,4480,6805,6300
Rajasthan,Kota,Kota,"Green Peas",Other,FAQ,19/05/2025,2851,3501,3500
Rajasthan,Kota,Kota,Maize,Other,FAQ,19/05/2025,2125,2232,2200
Telangana,Hyderabad,"Mahboob Manison","Bottle gourd","Bottle Gourd",FAQ,19/05/2025,200,400,300
Telangana,Hyderabad,"Mahboob Manison",Brinjal,"Arkasheela Mattigulla",FAQ,19/05/2025,2500,2500,2500
Telangana,Hyderabad,"Mahboob Manison",Onion,"2nd Sort",FAQ,19/05/2025,1000,1300,1200
Telangana,Mahbubnagar,Gadwal(Lezza),Paddy(Dhan)(Common),Paddy,FAQ,19/05/2025,1800,2400,2300
Telangana,"Ranga Reddy","Kukatpally(Rythu Bazar)","Bottle gourd","Bottle Gourd",FAQ,19/05/2025,900,900,900
Telangana,"Ranga Reddy","Kukatpally(Rythu Bazar)",Drumstick,Drumstick,FAQ,19/05/2025,4000,4000,4000
Telangana,"Ranga Reddy","Kukatpally(Rythu Bazar)","French Beans (Frasbean)","French Beans (Frasbean)",FAQ,19/05/2025,8500,8500,8500
Telangana,"Ranga Reddy","Kukatpally(Rythu Bazar)",Onion,"1st Sort",FAQ,19/05/2025,1700,1700,1700
Telangana,"Ranga Reddy","Kukatpally(Rythu Bazar)","Sweet Potato","Hosur Green",FAQ,19/05/2025,1800,1800,1800
Telangana,"Ranga Reddy","Mehndipatnam(Rythu Bazar)",Cucumbar(Kheera),Cucumbar,FAQ,19/05/2025,1800,1800,1800
Telangana,"Ranga Reddy","Mehndipatnam(Rythu Bazar)",Drumstick,Drumstick,FAQ,19/05/2025,500,500,500
Telangana,"Ranga Reddy","Mehndipatnam(Rythu Bazar)","French Beans (Frasbean)","French Beans (Frasbean)",FAQ,19/05/2025,8500,8500,8500
Telangana,"Ranga Reddy","Mehndipatnam(Rythu Bazar)",Green Chilli,Green Chilly,FAQ,19/05/2025,4000,4000,4000
Telangana,"Ranga Reddy","Mehndipatnam(Rythu Bazar)",Tomato,Deshi,Non-FAQ,19/05/2025,1300,1300,1300
Telangana,Warangal,Warangal,Capsicum,Capsicum,FAQ,19/05/2025,4000,4500,4250
Telangana,Warangal,Warangal,"Cluster beans","Cluster Beans",FAQ,19/05/2025,2500,3000,2750
Tripura,Gomati,Nutanbazar,"Green Chilli","Green Chilly",FAQ,19/05/2025,5850,6000,5950
Tripura,Gomati,Nutanbazar,Potato,Local,FAQ,19/05/2025,2350,2500,2450
Tripura,Khowai,Teliamura,Banana,Champa,Medium,19/05/2025,3300,3500,3400
Tripura,Khowai,Teliamura,"Bitter gourd","Bitter Gourd",FAQ,19/05/2025,4700,5000,4800
Tripura,Khowai,Teliamura,"Kartali (Kantola)","Kartali (Kantola)",FAQ,19/05/2025,4300,4500,4400
Tripura,Khowai,Teliamura,Rice,Masuri,FAQ,19/05/2025,3800,3950,3900
Tripura,Khowai,Teliamura,Tomato,Deshi,FAQ,19/05/2025,2700,2900,2800
Tripura,"North Tripura",Dasda,Brinjal,Round/Long,FAQ,19/05/2025,2500,3000,2750
Tripura,"South District",Barpathari,"Kartali (Kantola)","Kartali (Kantola)",FAQ,19/05/2025,5900,6100,6000
"Uttar Pradesh",Agra,Achnera,Onion,Red,FAQ,19/05/2025,1160,1240,1200
"Uttar Pradesh",Agra,Achnera,Potato,Desi,FAQ,19/05/2025,1080,1280,1180
"Uttar Pradesh",Agra,Fatehabad,"Bajra(Pearl Millet/Cumbu)",Deshi,FAQ,19/05/2025,2000,2200,2200
"Uttar Pradesh",Agra,Fatehabad,Onion,Red,FAQ,19/05/2025,900,1200,1200
"Uttar Pradesh",Aligarh,Charra,Pumpkin,Pumpkin,FAQ,19/05/2025,600,700,650
"Uttar Pradesh",Aligarh,Charra,Tomato,Deshi,FAQ,19/05/2025,1000,1200,1100
"Uttar Pradesh",Amroha,Amroha,Brinjal,Round/Long,FAQ,19/05/2025,1150,1280,1210
"Uttar Pradesh",Amroha,Amroha,Garlic,Garlic,FAQ,19/05/2025,5900,6000,5950
"Uttar Pradesh",Amroha,Amroha,Gur(Jaggery),Yellow,FAQ,19/05/2025,3950,4070,4020
"Uttar Pradesh",Badaun,Badayoun,"Bitter gourd","Bitter Gourd",FAQ,19/05/2025,1740,1860,1800
"Uttar Pradesh",Badaun,Badayoun,"Bottle gourd","Bottle Gourd",FAQ,19/05/2025,980,1090,1030
"Uttar Pradesh",Badaun,Badayoun,Brinjal,Brinjal,FAQ,19/05/2025,1300,1410,1355
"Uttar Pradesh",Badaun,Badayoun,Garlic,Garlic,FAQ,19/05/2025,6380,6520,6460
"Uttar Pradesh",Badaun,Badayoun,"Green Chilli","Green Chilly",FAQ,19/05/2025,1960,2080,2025
"Uttar Pradesh",Badaun,Badayoun,"Karbuja(Musk Melon)",Karbhuja,Medium,19/05/2025,1670,1800,1730
"Uttar Pradesh",Badaun,Badayoun,Lemon,Lemon,FAQ,19/05/2025,7200,7500,7290
"Uttar Pradesh",Badaun,Badayoun,Papaya,Papaya,Medium,19/05/2025,2750,2870,2800
"Uttar Pradesh",Badaun,Badayoun,Wheat,Dara,FAQ,19/05/2025,2425,2525,2500
"Uttar Pradesh",Badaun,Ujhani,"Bottle gourd","Bottle Gourd",FAQ,19/05/2025,1100,1200,1145
"Uttar Pradesh",Badaun,Ujhani,Garlic,Garlic,FAQ,19/05/2025,6400,6450,6420
"Uttar Pradesh",Badaun,Ujhani,"Jack Fruit","Jack Fruit",Medium,19/05/2025,2150,2250,2200
"Uttar Pradesh",Badaun,Ujhani,Lemon,Lemon,FAQ,19/05/2025,7230,7300,7260
"Uttar Pradesh",Badaun,Visoli,Potato,Desi,FAQ,19/05/2025,750,750,750
"Uttar Pradesh",Bahraich,Naanpara,"Karbuja(Musk Melon)",Karbhuja,Medium,19/05/2025,2000,2200,2100
"Uttar Pradesh",Bahraich,Naanpara,Maize,Yellow,FAQ,19/05/2025,2200,2300,2250
"Uttar Pradesh",Ballia,Rasda,"Arhar Dal(Tur Dal)","Arhar Dal(Tur)",FAQ,19/05/2025,9950,10125,10000
"Uttar Pradesh",Ballia,Rasda,"Green Chilli","Green Chilly",FAQ,19/05/2025,2355,2480,2400
"Uttar Pradesh",Ballia,Rasda,"Green Gram (Moong)(Whole)","Green (Whole)",FAQ,19/05/2025,8650,8800,8725
"Uttar Pradesh",Ballia,Rasda,"Lentil (Masur)(Whole)","Masoor Gola",FAQ,19/05/2025,6755,6900,6835
"Uttar Pradesh",Balrampur,Balrampur,"Banana - Green","Banana - Green",FAQ,19/05/2025,1650,1850,1740
"Uttar Pradesh",Balrampur,Balrampur,Garlic,Garlic,FAQ,19/05/2025,5850,6080,5975
"Uttar Pradesh",Balrampur,Balrampur,Ginger(Green),"Green Ginger",FAQ,19/05/2025,3300,3500,3400
"Uttar Pradesh",Balrampur,Balrampur,Ridgeguard(Tori),Ridgeguard(Tori),FAQ,19/05/2025,1400,1600,1500
"Uttar Pradesh",Balrampur,Panchpedwa,"Banana - Green","Banana - Green",FAQ,19/05/2025,1400,1800,1600
"Uttar Pradesh",Balrampur,Tulsipur,Potato,Desi,FAQ,19/05/2025,1100,1150,1130
"Uttar Pradesh",Balrampur,Tulsipur,Tomato,Deshi,FAQ,19/05/2025,1120,1170,1150
"Uttar Pradesh",Bareilly,Anwala,Pumpkin,Pumpkin,FAQ,19/05/2025,600,800,700
"Uttar Pradesh",Bijnor,Bijnaur,Onion,Red,FAQ,19/05/2025,1160,1250,1190
"Uttar Pradesh",Bijnor,Kiratpur,"Bottle gourd","Bottle Gourd",FAQ,19/05/2025,800,900,850
"Uttar Pradesh",Bulandshahar,Gulavati,Lemon,Other,FAQ,19/05/2025,10100,10300,10200
"Uttar Pradesh",Etah,Awagarh,"Bhindi(Ladies Finger)",Bhindi,FAQ,19/05/2025,1500,2000,1800
"Uttar Pradesh",Etah,Awagarh,Brinjal,Round/Long,FAQ,19/05/2025,800,900,850
"Uttar Pradesh",Etah,Awagarh,Cabbage,Cabbage,FAQ,19/05/2025,600,750,650
"Uttar Pradesh",Etah,Awagarh,Cucumbar(Kheera),Cucumbar,FAQ,19/05/2025,1000,1250,1100
"Uttar Pradesh",Etawah,Jasvantnagar,Onion,Red,FAQ,19/05/2025,1250,1350,1300
"Uttar Pradesh",Firozabad,Sirsaganj,Tomato,Hybrid,FAQ,19/05/2025,1000,1200,1100
"Uttar Pradesh",Hamirpur,Kurara,Peas(Dry),Peas(Dry),FAQ,19/05/2025,3300,3400,3350
"Uttar Pradesh",Kaushambi,Manjhanpur,Onion,Red,FAQ,19/05/2025,1140,1320,1225
"Uttar Pradesh","Khiri (Lakhimpur)",Maigalganj,"Bhindi(Ladies Finger)",Other,FAQ,19/05/2025,1600,1680,1640
"Uttar Pradesh","Khiri (Lakhimpur)",Maigalganj,"Bottle gourd","Bottle Gourd",FAQ,19/05/2025,1700,1780,1740
"Uttar Pradesh","Khiri (Lakhimpur)",Maigalganj,Cabbage,Cabbage,FAQ,19/05/2025,1800,1880,1840
"Uttar Pradesh",Lalitpur,Mehrauni,Wheat,"147 Average",Non-FAQ,19/05/2025,2450,2600,2500
"Uttar Pradesh",Mau(Maunathbhanjan),Doharighat,Potato,Potato,FAQ,19/05/2025,1700,1800,1750
"Uttar Pradesh",Mau(Maunathbhanjan),Doharighat,Rice,"1009 Kar",FAQ,19/05/2025,3700,3800,3755
"Uttar Pradesh",Mau(Maunathbhanjan),Kopaganj,Apple,Delicious,Medium,19/05/2025,7800,8000,7900
"Uttar Pradesh",Mau(Maunathbhanjan),Kopaganj,Onion,Red,FAQ,19/05/2025,1200,1300,1250
"Uttar Pradesh",Pillibhit,Pilibhit,Banana,"Banana - Ripe",Medium,19/05/2025,2750,2840,2795
"Uttar Pradesh",Pillibhit,Pilibhit,Onion,Red,FAQ,19/05/2025,1200,1300,1250
"Uttar Pradesh",Pillibhit,Pilibhit,Onion,Red,Non-FAQ,19/05/2025,1100,1195,1145
"Uttar Pradesh",Prayagraj,Jasra,Cucumbar(Kheera),Cucumbar,FAQ,19/05/2025,1050,1175,1110
"Uttar Pradesh",Rampur,Tanda(Rampur),"Bottle gourd","Bottle Gourd",FAQ,19/05/2025,900,940,920
"Uttar Pradesh",Rampur,Tanda(Rampur),"Jack Fruit","Jack Fruit",Large,19/05/2025,1500,1540,1520
"Uttar Pradesh",Sambhal,Bhehjoi,Paddy(Dhan)(Basmati),Basumathi,Non-FAQ,19/05/2025,2200,2400,2300
"Uttar Pradesh",Sambhal,Bhehjoi,Wood,Eucalyptus,FAQ,19/05/2025,500,520,510
"Uttar Pradesh","Sant Kabir Nagar",Khalilabad,Gur(Jaggery),Red,FAQ,19/05/2025,1200,1300,1250
"Uttar Pradesh","Sant Kabir Nagar",Khalilabad,Tomato,Hybrid,FAQ,19/05/2025,500,600,550
"Uttar Pradesh",Shamli,Kairana,"Bottle gourd","Bottle Gourd",FAQ,19/05/2025,600,700,650
"Uttar Pradesh",Shamli,Kairana,Garlic,Garlic,FAQ,19/05/2025,5100,5200,5150
"Uttar Pradesh",Shamli,Kairana,Ginger(Green),"Green Ginger",FAQ,19/05/2025,3900,4000,3950
"Uttar Pradesh",Shamli,Kairana,"Green Chilli","Green Chilly",FAQ,19/05/2025,2500,2600,2550
"Uttar Pradesh",Shamli,Kairana,Raddish,Raddish,FAQ,19/05/2025,600,700,650
"Uttar Pradesh",Shamli,Kairana,Tomato,Hybrid,FAQ,19/05/2025,800,900,850
"Uttar Pradesh",Sitapur,"Hargaon (Laharpur)",Pumpkin,Pumpkin,FAQ,19/05/2025,780,820,800
"Uttar Pradesh",Sitapur,Sitapur,Apple,"Kasmir/Shimla - II",Medium,19/05/2025,9500,10150,9890
"Uttar Pradesh",Sitapur,Sitapur,"Bottle gourd","Bottle Gourd",FAQ,19/05/2025,800,1080,980
"Uttar Pradesh",Sitapur,Sitapur,"Lentil (Masur)(Whole)","Masoor Gola",FAQ,19/05/2025,6300,6720,6700
"Uttar Pradesh",Sitapur,Sitapur,Paddy(Dhan)(Common),Common,FAQ,19/05/2025,1930,2180,2080
Uttrakhand,Dehradoon,Rishikesh,Apple,Other,Medium,19/05/2025,9500,16500,11000
Uttrakhand,Dehradoon,Rishikesh,"Bottle gourd","Bottle Gourd",FAQ,19/05/2025,600,900,700
Uttrakhand,Dehradoon,Rishikesh,"French Beans (Frasbean)",Other,FAQ,19/05/2025,2500,3100,2800
Uttrakhand,Dehradoon,Rishikesh,"Jack Fruit",Other,Medium,19/05/2025,1500,2000,1650
Uttrakhand,Dehradoon,Rishikesh,Potato,Other,FAQ,19/05/2025,700,900,800
Uttrakhand,Dehradoon,Rishikesh,Raddish,Other,FAQ,19/05/2025,1000,1700,1550
Uttrakhand,Dehradoon,Rishikesh,Tomato,Other,FAQ,19/05/2025,600,950,800
Uttrakhand,Dehradoon,Vikasnagar,Cucumbar(Kheera),Other,FAQ,19/05/2025,400,600,600
Uttrakhand,Dehradoon,Vikasnagar,Mango,Other,Medium,19/05/2025,2400,2800,2800
Uttrakhand,Dehradoon,Vikasnagar,Pumpkin,Other,FAQ,19/05/2025,2000,4000,4000
Uttrakhand,Haridwar,"Haridwar Union","Green Chilli","Green Chilly",FAQ,19/05/2025,1500,2000,1700
Uttrakhand,Haridwar,"Haridwar Union",Papaya,Other,Medium,19/05/2025,1600,2000,1800
Uttrakhand,Haridwar,"Haridwar Union",Tomato,Hybrid,FAQ,19/05/2025,700,1000,800
Uttrakhand,Haridwar,Manglaur,Potato,Other,FAQ,19/05/2025,700,850,800
Uttrakhand,Haridwar,Roorkee,"Bottle gourd",Other,FAQ,19/05/2025,500,700,600
Uttrakhand,Nanital,Ramnagar,Capsicum,Other,FAQ,19/05/2025,3800,4000,3900
Uttrakhand,Nanital,Ramnagar,Orange,Other,Medium,19/05/2025,2800,3000,2900
Uttrakhand,Nanital,Ramnagar,Tomato,Other,FAQ,19/05/2025,2100,2500,2300
"West Bengal",Hooghly,Pandua,"Bitter gourd","Bitter Gourd",FAQ,19/05/2025,2200,2400,2200
"West Bengal",Hooghly,Sheoraphuly,Onion,Local,FAQ,19/05/2025,1500,1700,1600
"West Bengal",Hooghly,Sheoraphuly,Tomato,Other,FAQ,19/05/2025,1800,2200,2000
"West Bengal",Medinipur(W),Ghatal,Brinjal,Brinjal,FAQ,19/05/2025,3000,3200,3100
"West Bengal",Medinipur(W),Ghatal,Onion,Onion,FAQ,19/05/2025,1600,1800,1700
"West Bengal",Medinipur(W),Ghatal,"Sweet Pumpkin",Other,FAQ,19/05/2025,1300,1500,1400
"West Bengal",Murshidabad,Kandi,Mustard,Mustard,FAQ,19/05/2025,5950,6060,6000
"West Bengal",Murshidabad,Kandi,Wheat,Other,FAQ,19/05/2025,2460,2560,2500
"West Bengal",Puruliya,Balarampur,"Bhindi(Ladies Finger)",Other,FAQ,19/05/2025,800,1000,900
"West Bengal",Puruliya,Balarampur,"Mustard Oil",Other,FAQ,19/05/2025,16000,16200,16100
"West Bengal",Puruliya,Balarampur,Potato,Other,FAQ,19/05/2025,1500,1800,1600
"West Bengal","Sounth 24 Parganas",Baruipur(Canning),"Bitter gourd","Bitter Gourd",FAQ,19/05/2025,2900,3100,3000
"West Bengal","Sounth 24 Parganas",Baruipur(Canning),"Green Chilli","Green Chilly",FAQ,19/05/2025,4600,4800,4700
"West Bengal","Uttar Dinajpur",Islampur,Jute,TD-5,FAQ,19/05/2025,6100,6300,6200
